MoleculeId,PredictedProbability
1 ,0.9244625985
2 ,0.9243320330
3 ,0.4105449639
4 ,0.9746265689
5 ,0.0398188439
6 ,0.4345778545
7 ,0.8952724072
8 ,0.8454237333
9 ,0.9120134620
10 ,0.5208850015
11 ,0.3858480371
12 ,0.8085718665
13 ,0.5723386929
14 ,0.4688134270
15 ,0.1605476303
16 ,0.2072798577
17 ,0.2199182135
18 ,0.1166173148
19 ,0.4794605633
20 ,0.8066609256
21 ,0.1137166662
22 ,0.9116259599
23 ,0.8957094631
24 ,0.9657230191
25 ,0.9652791706
26 ,0.5847525684
27 ,0.0425106371
28 ,0.1290330282
29 ,0.0348257770
30 ,0.5944080478
31 ,0.2178003136
32 ,0.0560095550
33 ,0.9020897047
34 ,0.2192609080
35 ,0.2484993735
36 ,0.8203064447
37 ,0.8846432718
38 ,0.8644114111
39 ,0.9397718126
40 ,0.9702290319
41 ,0.5178469819
42 ,0.0745770575
43 ,0.8226989668
44 ,0.8674159550
45 ,0.0562536648
46 ,0.2947503290
47 ,0.8698468451
48 ,0.5303497744
49 ,0.9204068118
50 ,0.8091580564
51 ,0.8140361815
52 ,0.0393089270
53 ,0.6883772979
54 ,0.0869803938
55 ,0.1634753125
56 ,0.9056027261
57 ,0.9451617216
58 ,0.9198761971
59 ,0.9501838237
60 ,0.8013207481
61 ,0.7598815174
62 ,0.9121680647
63 ,0.4328437615
64 ,0.1212710772
65 ,0.1634763380
66 ,0.4442494267
67 ,0.1932520294
68 ,0.2811794665
69 ,0.4452273852
70 ,0.3510547850
71 ,0.8722597369
72 ,0.4534448608
73 ,0.7748931848
74 ,0.9351094998
75 ,0.1144267226
76 ,0.1307349603
77 ,0.8912554611
78 ,0.3088766675
79 ,0.8975923542
80 ,0.2181826290
81 ,0.2742203111
82 ,0.3078654614
83 ,0.2836931304
84 ,0.0345086229
85 ,0.7567411241
86 ,0.5885512691
87 ,0.1194863873
88 ,0.9009301942
89 ,0.7934081160
90 ,0.5736949949
91 ,0.6975943421
92 ,0.8271767271
93 ,0.0910942010
94 ,0.0948375533
95 ,0.7082392781
96 ,0.1353839565
97 ,0.8072217565
98 ,0.8321369859
99 ,0.9435729973
100 ,0.9575779122
101 ,0.4681652545
102 ,0.9182579604
103 ,0.5767275214
104 ,0.2668049296
105 ,0.1434101373
106 ,0.1050930144
107 ,0.5843756648
108 ,0.5275800536
109 ,0.9706887576
110 ,0.0691137299
111 ,0.7674216200
112 ,0.6728465331
113 ,0.0849277037
114 ,0.8997599281
115 ,0.8430674548
116 ,0.0885289792
117 ,0.7936993742
118 ,0.1342775092
119 ,0.8622420916
120 ,0.0902403755
121 ,0.1443252952
122 ,0.0283599737
123 ,0.9126367813
124 ,0.2726672800
125 ,0.4863820993
126 ,0.3150795868
127 ,0.4456767471
128 ,0.4285584254
129 ,0.6660392604
130 ,0.0860163350
131 ,0.0307332183
132 ,0.3456050615
133 ,0.0392154765
134 ,0.9538218020
135 ,0.5069855814
136 ,0.9728052983
137 ,0.0397428586
138 ,0.8102103757
139 ,0.7870239528
140 ,0.8475810101
141 ,0.7609565716
142 ,0.9647945049
143 ,0.8317988609
144 ,0.1306507159
145 ,0.8515989321
146 ,0.0637498898
147 ,0.5713229981
148 ,0.8472604410
149 ,0.4524896837
150 ,0.1740432499
151 ,0.0283316673
152 ,0.3222596849
153 ,0.4938582754
154 ,0.9839667476
155 ,0.9607517502
156 ,0.6416329761
157 ,0.6307067797
158 ,0.9762351239
159 ,0.4381853034
160 ,0.0215604039
161 ,0.4994900840
162 ,0.0674288122
163 ,0.0803566651
164 ,0.9491672060
165 ,0.9625443442
166 ,0.3355515429
167 ,0.5154736998
168 ,0.8526797209
169 ,0.3399137137
170 ,0.9165621804
171 ,0.9717588121
172 ,0.9385922559
173 ,0.5744889660
174 ,0.8067611293
175 ,0.0534645373
176 ,0.8432012024
177 ,0.1383810557
178 ,0.1073818519
179 ,0.6908472916
180 ,0.1811723034
181 ,0.3290024194
182 ,0.8476857758
183 ,0.7489528500
184 ,0.0993315659
185 ,0.9714032200
186 ,0.4777644214
187 ,0.9261609744
188 ,0.6669715418
189 ,0.9449839511
190 ,0.7185003248
191 ,0.0789886359
192 ,0.7310519416
193 ,0.0899461394
194 ,0.7417525979
195 ,0.9711907383
196 ,0.2774283295
197 ,0.9820293139
198 ,0.5651257127
199 ,0.5264130666
200 ,0.1912562557
201 ,0.9129448337
202 ,0.2466428473
203 ,0.3309366634
204 ,0.1458341856
205 ,0.9285225412
206 ,0.6677943428
207 ,0.7068264515
208 ,0.9003540007
209 ,0.8112311422
210 ,0.1486959821
211 ,0.9363627977
212 ,0.8655880292
213 ,0.9068099638
214 ,0.0141087095
215 ,0.6575920972
216 ,0.9552537014
217 ,0.6308516320
218 ,0.6541459369
219 ,0.5631245956
220 ,0.2640298191
221 ,0.8420270611
222 ,0.2016641132
223 ,0.2924184497
224 ,0.9738459032
225 ,0.3853776848
226 ,0.2110500408
227 ,0.2369782060
228 ,0.9287905501
229 ,0.1483497495
230 ,0.3277864491
231 ,0.7025352928
232 ,0.9055232096
233 ,0.8977034484
234 ,0.2428017542
235 ,0.8043985538
236 ,0.8356656135
237 ,0.2098852220
238 ,0.1824450123
239 ,0.9115583079
240 ,0.7997664949
241 ,0.1975393681
242 ,0.0289798829
243 ,0.7188231259
244 ,0.6059932331
245 ,0.2172763622
246 ,0.9249855646
247 ,0.1034212930
248 ,0.1766052397
249 ,0.9465104627
250 ,0.0978314850
251 ,0.9089624839
252 ,0.3752407116
253 ,0.4594096115
254 ,0.8141255356
255 ,0.9786483952
256 ,0.5949648181
257 ,0.0537583539
258 ,0.1883538735
259 ,0.3414716390
260 ,0.0322667789
261 ,0.3309799115
262 ,0.0834857475
263 ,0.3780217352
264 ,0.2377586882
265 ,0.2274806584
266 ,0.9354400749
267 ,0.5366954074
268 ,0.0644681076
269 ,0.7260189451
270 ,0.9515126634
271 ,0.9696040650
272 ,0.9175923657
273 ,0.6877483320
274 ,0.6459179737
275 ,0.1448064762
276 ,0.0800257806
277 ,0.9405221568
278 ,0.2927053017
279 ,0.7972607015
280 ,0.2510225871
281 ,0.0803428842
282 ,0.8690896162
283 ,0.7679813918
284 ,0.0307770275
285 ,0.6128068155
286 ,0.9765405279
287 ,0.9424347766
288 ,0.6589277696
289 ,0.9370701786
290 ,0.1347211445
291 ,0.1827698734
292 ,0.2036772148
293 ,0.5471687902
294 ,0.5819978591
295 ,0.0262468180
296 ,0.2626573971
297 ,0.0266839247
298 ,0.6243817236
299 ,0.8451070591
300 ,0.8701943496
301 ,0.9201940511
302 ,0.0693955182
303 ,0.8576617763
304 ,0.9044621431
305 ,0.9270594585
306 ,0.8904125697
307 ,0.2345767176
308 ,0.8924983993
309 ,0.4760772553
310 ,0.9429724023
311 ,0.9741831782
312 ,0.7202475875
313 ,0.6647000451
314 ,0.0810819865
315 ,0.9026109229
316 ,0.3821101250
317 ,0.9609638417
318 ,0.1194540815
319 ,0.2167386012
320 ,0.0379692768
321 ,0.2549157755
322 ,0.7575661462
323 ,0.9570259065
324 ,0.2086945043
325 ,0.0873256055
326 ,0.8834849435
327 ,0.9862925233
328 ,0.9582896080
329 ,0.3798958008
330 ,0.6776605585
331 ,0.6426127364
332 ,0.8991522376
333 ,0.5337547745
334 ,0.4250348885
335 ,0.6574432427
336 ,0.8223831242
337 ,0.9250306248
338 ,0.0336044223
339 ,0.0150159881
340 ,0.9286352013
341 ,0.9279982104
342 ,0.8088797118
343 ,0.0604500511
344 ,0.3572634264
345 ,0.7783138996
346 ,0.9271058765
347 ,0.0953456416
348 ,0.2159058139
349 ,0.0875866700
350 ,0.7456864799
351 ,0.2178930621
352 ,0.8966969807
353 ,0.8407746734
354 ,0.1516867608
355 ,0.7845491835
356 ,0.6555914232
357 ,0.8782303588
358 ,0.1356918746
359 ,0.0778360445
360 ,0.9109372634
361 ,0.4160050783
362 ,0.8772715578
363 ,0.9659679874
364 ,0.5276497910
365 ,0.9284265049
366 ,0.8723729254
367 ,0.7265703918
368 ,0.2873743569
369 ,0.0379724461
370 ,0.0653046151
371 ,0.7425821121
372 ,0.3857560155
373 ,0.6365319009
374 ,0.0873264901
375 ,0.7053854315
376 ,0.9418116514
377 ,0.6498070184
378 ,0.7714217896
379 ,0.9535035495
380 ,0.1059331625
381 ,0.9425988734
382 ,0.9740211270
383 ,0.9546964856
384 ,0.4519226892
385 ,0.9613322495
386 ,0.7370153977
387 ,0.0661630851
388 ,0.0203682648
389 ,0.0376266671
390 ,0.9179372706
391 ,0.6695169677
392 ,0.3273942371
393 ,0.8528920691
394 ,0.8084831782
395 ,0.9623345870
396 ,0.0886727805
397 ,0.1963189944
398 ,0.0673522988
399 ,0.7456963649
400 ,0.8665332582
401 ,0.9682876906
402 ,0.7370007816
403 ,0.0504560012
404 ,0.9659296528
405 ,0.7101595593
406 ,0.0795773957
407 ,0.9678430388
408 ,0.6194077192
409 ,0.0687609648
410 ,0.4556882289
411 ,0.8466126625
412 ,0.9452616838
413 ,0.9586864878
414 ,0.2328028359
415 ,0.7942334452
416 ,0.8567564421
417 ,0.4949532060
418 ,0.5207683912
419 ,0.5249217718
420 ,0.3938237200
421 ,0.1423684213
422 ,0.4897704689
423 ,0.6349016325
424 ,0.6772426555
425 ,0.9270142710
426 ,0.0684772221
427 ,0.8289740980
428 ,0.8303398893
429 ,0.7995389292
430 ,0.2218150799
431 ,0.8885430316
432 ,0.7520601753
433 ,0.2790046202
434 ,0.0859110730
435 ,0.2224548040
436 ,0.0545596169
437 ,0.3959802819
438 ,0.5943329711
439 ,0.0129061687
440 ,0.1998548417
441 ,0.7935205865
442 ,0.8968559719
443 ,0.9681671202
444 ,0.0339348829
445 ,0.8421557921
446 ,0.9182596059
447 ,0.2330507889
448 ,0.0638518300
449 ,0.0730579050
450 ,0.9577663696
451 ,0.8174970110
452 ,0.7886605013
453 ,0.3618430801
454 ,0.9289186830
455 ,0.8397158599
456 ,0.8427052919
457 ,0.2367116157
458 ,0.6015846216
459 ,0.0529645482
460 ,0.6220185321
461 ,0.4563423316
462 ,0.8955125011
463 ,0.7916078396
464 ,0.8923283634
465 ,0.8875324216
466 ,0.2322811622
467 ,0.1006419555
468 ,0.3720562755
469 ,0.5062193172
470 ,0.4787959210
471 ,0.0967219929
472 ,0.9852544874
473 ,0.1580760301
474 ,0.5259718840
475 ,0.3786610110
476 ,0.1437470721
477 ,0.9288123332
478 ,0.2394204348
479 ,0.2897189421
480 ,0.0786926298
481 ,0.1831911599
482 ,0.1913596775
483 ,0.6052462915
484 ,0.9574538736
485 ,0.1936898537
486 ,0.8589995912
487 ,0.4378799572
488 ,0.2445020148
489 ,0.6310494336
490 ,0.3728542257
491 ,0.0849464702
492 ,0.6972036056
493 ,0.7986014789
494 ,0.9499352235
495 ,0.3713025402
496 ,0.8729139455
497 ,0.1767173039
498 ,0.1651952739
499 ,0.1531475045
500 ,0.0658851308
501 ,0.9360302472
502 ,0.8261172543
503 ,0.6695222405
504 ,0.0632502236
505 ,0.6944970750
506 ,0.6439234750
507 ,0.2851747219
508 ,0.2412491368
509 ,0.4582274241
510 ,0.3006593326
511 ,0.9404049160
512 ,0.7326983289
513 ,0.1705155410
514 ,0.8880356506
515 ,0.9553391381
516 ,0.0881804613
517 ,0.6592457912
518 ,0.0167868658
519 ,0.1956764907
520 ,0.9465282882
521 ,0.5683310543
522 ,0.9458657990
523 ,0.8978722751
524 ,0.2377645563
525 ,0.5791676153
526 ,0.1469721542
527 ,0.8182601065
528 ,0.7504388048
529 ,0.0612067177
530 ,0.0897964261
531 ,0.8303587281
532 ,0.0592973190
533 ,0.7620313923
534 ,0.0427035623
535 ,0.3368532184
536 ,0.0240419790
537 ,0.9763276481
538 ,0.3073724791
539 ,0.9616374155
540 ,0.1045584650
541 ,0.1169427458
542 ,0.0955773645
543 ,0.5150303996
544 ,0.7881363058
545 ,0.8732307708
546 ,0.8846697379
547 ,0.8577608487
548 ,0.6684384972
549 ,0.9430588802
550 ,0.8796208578
551 ,0.7369659772
552 ,0.3714565816
553 ,0.2751298209
554 ,0.3375797772
555 ,0.0163453725
556 ,0.9542888176
557 ,0.1999132106
558 ,0.6368715341
559 ,0.3772817032
560 ,0.9261521527
561 ,0.9666781451
562 ,0.9709407794
563 ,0.6961243537
564 ,0.5851086717
565 ,0.2491178536
566 ,0.3348424989
567 ,0.3756444789
568 ,0.9118678246
569 ,0.6782874273
570 ,0.2351838744
571 ,0.5222433839
572 ,0.9026785861
573 ,0.0373397373
574 ,0.9183164025
575 ,0.2593699666
576 ,0.4717346624
577 ,0.9340708147
578 ,0.4096120637
579 ,0.5744786653
580 ,0.2334862987
581 ,0.7510791705
582 ,0.9840501656
583 ,0.0512743235
584 ,0.9262558157
585 ,0.7644446298
586 ,0.7523785637
587 ,0.9285540626
588 ,0.2052026966
589 ,0.2105034297
590 ,0.9702929172
591 ,0.8831340828
592 ,0.0294161115
593 ,0.9045428960
594 ,0.9433478745
595 ,0.9193931152
596 ,0.1596897219
597 ,0.1566608518
598 ,0.9615554351
599 ,0.9700126795
600 ,0.3396580959
601 ,0.2342155819
602 ,0.6859106234
603 ,0.9145096742
604 ,0.5336830065
605 ,0.8271776008
606 ,0.1459788685
607 ,0.8504226666
608 ,0.0987214347
609 ,0.0715453500
610 ,0.3789176696
611 ,0.4911714593
612 ,0.9661152132
613 ,0.2037130080
614 ,0.7646543582
615 ,0.9518749551
616 ,0.4698686761
617 ,0.3678286426
618 ,0.8973628184
619 ,0.0157554623
620 ,0.7977328979
621 ,0.8887551661
622 ,0.8772504142
623 ,0.1183013429
624 ,0.1312044472
625 ,0.0372793285
626 ,0.9713950339
627 ,0.0524381294
628 ,0.6075602202
629 ,0.2863688847
630 ,0.0518115181
631 ,0.1612614335
632 ,0.2896760136
633 ,0.9055359230
634 ,0.7076068491
635 ,0.7751873813
636 ,0.9087201636
637 ,0.9789389823
638 ,0.1018476223
639 ,0.8206026402
640 ,0.3643178339
641 ,0.2918747460
642 ,0.1957421507
643 ,0.0876357349
644 ,0.0300245977
645 ,0.1105878904
646 ,0.3354258982
647 ,0.0222401901
648 ,0.9222974084
649 ,0.5696254576
650 ,0.7480971365
651 ,0.9704111061
652 ,0.0509497148
653 ,0.1023370120
654 ,0.0834830722
655 ,0.0579833696
656 ,0.9632919384
657 ,0.5178633177
658 ,0.5713092235
659 ,0.7242685185
660 ,0.2006384219
661 ,0.1453129494
662 ,0.7037978560
663 ,0.2233796755
664 ,0.7329599053
665 ,0.9185702328
666 ,0.2569966550
667 ,0.4424676121
668 ,0.8811773899
669 ,0.2771509061
670 ,0.4391230958
671 ,0.1557280501
672 ,0.8852913413
673 ,0.9479190153
674 ,0.8430434831
675 ,0.9497822745
676 ,0.1312765425
677 ,0.3186538879
678 ,0.3292590850
679 ,0.7413875966
680 ,0.0209643372
681 ,0.1971022243
682 ,0.6447349782
683 ,0.0968556840
684 ,0.7947169794
685 ,0.7700398017
686 ,0.0732014609
687 ,0.1425003765
688 ,0.7376565369
689 ,0.0251954500
690 ,0.8051914754
691 ,0.8246672395
692 ,0.6732090652
693 ,0.7856377255
694 ,0.8654655827
695 ,0.1126362891
696 ,0.9044543746
697 ,0.9190295095
698 ,0.3396291693
699 ,0.9559103630
700 ,0.9437492379
701 ,0.2234615554
702 ,0.1568053838
703 ,0.8264527954
704 ,0.6439659933
705 ,0.8206505063
706 ,0.1979776241
707 ,0.7392047724
708 ,0.4866170592
709 ,0.9625096873
710 ,0.9249136711
711 ,0.0244074825
712 ,0.6731498369
713 ,0.6493799585
714 ,0.4121487887
715 ,0.9081110699
716 ,0.7081990908
717 ,0.2451133560
718 ,0.9457526431
719 ,0.9323309463
720 ,0.6305507748
721 ,0.9717508762
722 ,0.8645645468
723 ,0.8977608279
724 ,0.4015428379
725 ,0.3613014085
726 ,0.0399942452
727 ,0.1351920365
728 ,0.1070765699
729 ,0.0698332977
730 ,0.5677893219
731 ,0.8059127909
732 ,0.7378991162
733 ,0.8912360117
734 ,0.0863327725
735 ,0.1120671441
736 ,0.2146438088
737 ,0.0778723522
738 ,0.2018397085
739 ,0.9405100061
740 ,0.8291876275
741 ,0.7277452895
742 ,0.4451297652
743 ,0.0791789010
744 ,0.9025462059
745 ,0.8118392317
746 ,0.0329817479
747 ,0.1910291674
748 ,0.5328085665
749 ,0.8178209573
750 ,0.6536582851
751 ,0.0919455300
752 ,0.7244748393
753 ,0.7575245156
754 ,0.8940986203
755 ,0.7860801082
756 ,0.7431907991
757 ,0.7156867394
758 ,0.4462058185
759 ,0.9441735104
760 ,0.8727122970
761 ,0.5999742996
762 ,0.6933639808
763 ,0.9641652715
764 ,0.8916130248
765 ,0.3797473513
766 ,0.6096289909
767 ,0.4317680315
768 ,0.7654870420
769 ,0.7472920059
770 ,0.8778948111
771 ,0.0127928783
772 ,0.4049777986
773 ,0.2011459689
774 ,0.1223839721
775 ,0.8426795986
776 ,0.9694522797
777 ,0.3494148569
778 ,0.6566998315
779 ,0.1738732269
780 ,0.9508603509
781 ,0.8483130067
782 ,0.7960206984
783 ,0.0544005354
784 ,0.9248717256
785 ,0.0912631549
786 ,0.9668369236
787 ,0.2292961942
788 ,0.2764666389
789 ,0.1290585238
790 ,0.0451188425
791 ,0.1092090648
792 ,0.0203685946
793 ,0.3454558193
794 ,0.0753746127
795 ,0.3837370419
796 ,0.7900400360
797 ,0.9336611151
798 ,0.4948607641
799 ,0.6947389855
800 ,0.9884380847
801 ,0.1028672125
802 ,0.7610552881
803 ,0.7558071451
804 ,0.9576430583
805 ,0.8919374527
806 ,0.4682527700
807 ,0.3077003158
808 ,0.0830869915
809 ,0.3311856596
810 ,0.2047658555
811 ,0.7842954106
812 ,0.7222247524
813 ,0.7476373677
814 ,0.9841274236
815 ,0.1962898411
816 ,0.6167817183
817 ,0.0634503171
818 ,0.8577126869
819 ,0.6621256123
820 ,0.9526818292
821 ,0.0234070867
822 ,0.7658909346
823 ,0.0114655800
824 ,0.2057388772
825 ,0.6586129448
826 ,0.9337637721
827 ,0.5280122604
828 ,0.7105462257
829 ,0.8916300599
830 ,0.9585002004
831 ,0.9113117864
832 ,0.9691573281
833 ,0.1486784981
834 ,0.9626307190
835 ,0.1645590899
836 ,0.5909724577
837 ,0.8786582288
838 ,0.1403570610
839 ,0.6070485216
840 ,0.3282586283
841 ,0.8216739896
842 ,0.0727142071
843 ,0.0608909200
844 ,0.2764132560
845 ,0.8990892943
846 ,0.8212666969
847 ,0.9121606486
848 ,0.3894964762
849 ,0.2497679393
850 ,0.2116349111
851 ,0.7049940171
852 ,0.9513150682
853 ,0.9799306648
854 ,0.0426682824
855 ,0.7200598897
856 ,0.4964330960
857 ,0.4894987238
858 ,0.8998661209
859 ,0.0421089622
860 ,0.0362475521
861 ,0.8288731381
862 ,0.8770971899
863 ,0.6155501019
864 ,0.8393552334
865 ,0.2411421733
866 ,0.1499740450
867 ,0.9062079235
868 ,0.6706286183
869 ,0.9018186566
870 ,0.7154991084
871 ,0.4571064829
872 ,0.6177387818
873 ,0.8725307032
874 ,0.3470957751
875 ,0.8947822729
876 ,0.5484352474
877 ,0.3557328766
878 ,0.9202141253
879 ,0.9019092970
880 ,0.1966001495
881 ,0.6450240650
882 ,0.5122496791
883 ,0.9088137603
884 ,0.0434108394
885 ,0.0381832773
886 ,0.1060001849
887 ,0.4745665160
888 ,0.7877910665
889 ,0.2091739546
890 ,0.3350308790
891 ,0.7959552688
892 ,0.3042920375
893 ,0.8756367999
894 ,0.4697645502
895 ,0.6228601626
896 ,0.6798463609
897 ,0.8010493234
898 ,0.5993223432
899 ,0.1351082036
900 ,0.9333604153
901 ,0.0153340926
902 ,0.6300722184
903 ,0.1222842573
904 ,0.9586187457
905 ,0.9821003148
906 ,0.4703813190
907 ,0.2935394496
908 ,0.4382075150
909 ,0.9846419667
910 ,0.1013990626
911 ,0.5229066576
912 ,0.8172195840
913 ,0.9455378654
914 ,0.7815982462
915 ,0.9006930920
916 ,0.6552890253
917 ,0.2455339720
918 ,0.2001584476
919 ,0.5164102826
920 ,0.0324969927
921 ,0.3209915247
922 ,0.8817907493
923 ,0.0263521688
924 ,0.2661894071
925 ,0.9813973872
926 ,0.6894925983
927 ,0.1495800544
928 ,0.0727259904
929 ,0.0177231729
930 ,0.8904796667
931 ,0.0904947203
932 ,0.1250662147
933 ,0.0296710980
934 ,0.8653754757
935 ,0.9246209522
936 ,0.1129526523
937 ,0.9750762138
938 ,0.7155387103
939 ,0.9692913160
940 ,0.3284346979
941 ,0.8068845960
942 ,0.3167330206
943 ,0.0233522229
944 ,0.2058567316
945 ,0.4321782744
946 ,0.5650368796
947 ,0.3234356530
948 ,0.8816471718
949 ,0.1481737977
950 ,0.6250357393
951 ,0.8820952297
952 ,0.2016908664
953 ,0.0874206767
954 ,0.0331330042
955 ,0.0782802090
956 ,0.0906543226
957 ,0.6985246749
958 ,0.2059505197
959 ,0.3461333632
960 ,0.2086198481
961 ,0.5807682600
962 ,0.8858895644
963 ,0.3261507633
964 ,0.8487005331
965 ,0.0476297068
966 ,0.7478309536
967 ,0.1904509617
968 ,0.7964265752
969 ,0.1253313804
970 ,0.0961226819
971 ,0.1143369206
972 ,0.2859728228
973 ,0.9717571842
974 ,0.9564873528
975 ,0.8345121139
976 ,0.7103864076
977 ,0.9474950835
978 ,0.1464909477
979 ,0.9143531952
980 ,0.2801486183
981 ,0.1478676316
982 ,0.0445408187
983 ,0.8374579968
984 ,0.8881542272
985 ,0.3376748271
986 ,0.0488611255
987 ,0.8133513901
988 ,0.8146063526
989 ,0.1026941638
990 ,0.5962072726
991 ,0.8827107584
992 ,0.1601872975
993 ,0.4332384556
994 ,0.3077859027
995 ,0.1527898900
996 ,0.9065011316
997 ,0.3338133772
998 ,0.0688717040
999 ,0.9176064963
1000 ,0.7192699825
1001 ,0.0580518276
1002 ,0.6443976413
1003 ,0.9637028887
1004 ,0.6068468912
1005 ,0.8009598140
1006 ,0.1041103889
1007 ,0.7982620510
1008 ,0.9581970468
1009 ,0.7245874812
1010 ,0.1048089601
1011 ,0.3818216043
1012 ,0.2003753107
1013 ,0.1860985375
1014 ,0.2862352155
1015 ,0.1139957875
1016 ,0.8531754720
1017 ,0.1512497931
1018 ,0.8002293843
1019 ,0.6895138617
1020 ,0.1524112084
1021 ,0.7345908497
1022 ,0.4262208259
1023 ,0.8663626382
1024 ,0.8244346909
1025 ,0.7239405959
1026 ,0.4136358834
1027 ,0.3599176001
1028 ,0.3048082860
1029 ,0.9271912235
1030 ,0.9787050712
1031 ,0.6976061616
1032 ,0.3572613583
1033 ,0.8716599741
1034 ,0.1874384371
1035 ,0.8673512331
1036 ,0.3572019680
1037 ,0.7021970683
1038 ,0.8094813236
1039 ,0.5997282214
1040 ,0.2325622131
1041 ,0.2808095426
1042 ,0.9333009190
1043 ,0.8522504316
1044 ,0.3204915025
1045 ,0.4708788508
1046 ,0.9731810848
1047 ,0.9592111477
1048 ,0.7523795627
1049 ,0.1181945457
1050 ,0.9730150645
1051 ,0.0869288791
1052 ,0.2744240622
1053 ,0.9807416395
1054 ,0.8942101289
1055 ,0.8623745986
1056 ,0.9398749331
1057 ,0.1852629675
1058 ,0.7936227715
1059 ,0.0473970467
1060 ,0.2133341572
1061 ,0.1674331878
1062 ,0.1314805740
1063 ,0.9766548715
1064 ,0.0837752581
1065 ,0.5630648256
1066 ,0.3280590470
1067 ,0.4549337633
1068 ,0.8073762907
1069 ,0.1515410922
1070 ,0.1437398492
1071 ,0.3877970148
1072 ,0.9059255299
1073 ,0.9574763570
1074 ,0.9231133922
1075 ,0.6634312906
1076 ,0.6594843893
1077 ,0.9052899066
1078 ,0.2337965409
1079 ,0.8390166757
1080 ,0.9291234940
1081 ,0.7731490749
1082 ,0.5323742110
1083 ,0.5874198777
1084 ,0.8506486851
1085 ,0.0904715754
1086 ,0.3585889716
1087 ,0.0588927666
1088 ,0.9708660816
1089 ,0.9304963421
1090 ,0.3091048958
1091 ,0.8400255270
1092 ,0.9467894692
1093 ,0.9495751904
1094 ,0.9722369503
1095 ,0.9479628866
1096 ,0.5036503614
1097 ,0.8861391029
1098 ,0.3715739311
1099 ,0.1778494314
1100 ,0.9549781776
1101 ,0.0775448172
1102 ,0.7753828499
1103 ,0.9412873143
1104 ,0.5356748550
1105 ,0.1794948417
1106 ,0.7968772358
1107 ,0.2314366148
1108 ,0.3613869610
1109 ,0.0356620563
1110 ,0.8372672652
1111 ,0.0920819926
1112 ,0.9386467283
1113 ,0.8541845301
1114 ,0.1028340670
1115 ,0.8380116772
1116 ,0.0382172570
1117 ,0.8280812090
1118 ,0.0623459221
1119 ,0.0870725932
1120 ,0.1833077599
1121 ,0.8168244658
1122 ,0.2823858729
1123 ,0.6644671776
1124 ,0.1654297758
1125 ,0.2093105219
1126 ,0.9402825293
1127 ,0.0434312566
1128 ,0.5347205513
1129 ,0.3086172129
1130 ,0.1046808225
1131 ,0.0861121057
1132 ,0.4798559629
1133 ,0.8223636749
1134 ,0.9057929480
1135 ,0.1620234555
1136 ,0.0797412913
1137 ,0.5937293430
1138 ,0.3683236311
1139 ,0.7682697173
1140 ,0.4801822004
1141 ,0.4880149538
1142 ,0.5827762614
1143 ,0.4074272712
1144 ,0.5958451738
1145 ,0.6627178192
1146 ,0.9465271211
1147 ,0.9086665842
1148 ,0.0948175426
1149 ,0.8973801638
1150 ,0.9606950750
1151 ,0.7903213923
1152 ,0.7205754532
1153 ,0.2987937937
1154 ,0.7272773471
1155 ,0.9117237494
1156 ,0.7249944233
1157 ,0.0229008017
1158 ,0.3224456183
1159 ,0.0330035196
1160 ,0.8409271399
1161 ,0.4807009828
1162 ,0.8677241384
1163 ,0.9362127687
1164 ,0.0486837147
1165 ,0.8412068696
1166 ,0.3020702807
1167 ,0.9167949796
1168 ,0.0702513101
1169 ,0.9083907324
1170 ,0.0939218464
1171 ,0.8719201209
1172 ,0.7620640229
1173 ,0.0935671131
1174 ,0.5628173962
1175 ,0.9357135606
1176 ,0.0472762154
1177 ,0.3839147994
1178 ,0.6504859614
1179 ,0.2626879641
1180 ,0.0678669131
1181 ,0.8765463562
1182 ,0.7738417559
1183 ,0.8779185345
1184 ,0.0605949066
1185 ,0.8284589753
1186 ,0.3302337447
1187 ,0.3566350733
1188 ,0.1169973982
1189 ,0.9773413627
1190 ,0.2530218883
1191 ,0.1322728020
1192 ,0.3836389145
1193 ,0.9644225955
1194 ,0.2735288439
1195 ,0.7462986389
1196 ,0.0413457590
1197 ,0.9517453586
1198 ,0.9375215745
1199 ,0.9793818208
1200 ,0.2462541223
1201 ,0.9568799488
1202 ,0.6454920912
1203 ,0.8755129522
1204 ,0.3470202508
1205 ,0.4038874412
1206 ,0.9422127605
1207 ,0.4103667048
1208 ,0.8764114832
1209 ,0.0897087017
1210 ,0.9552709847
1211 ,0.0534613166
1212 ,0.8348802788
1213 ,0.0735502010
1214 ,0.4896311435
1215 ,0.6201330273
1216 ,0.8319139853
1217 ,0.3335601208
1218 ,0.8413824295
1219 ,0.4942752450
1220 ,0.5523640385
1221 ,0.5700306423
1222 ,0.9529505862
1223 ,0.3464970273
1224 ,0.4094916325
1225 ,0.8955584725
1226 ,0.1631675771
1227 ,0.9637660770
1228 ,0.8820034310
1229 ,0.9579143070
1230 ,0.7670147669
1231 ,0.8838808905
1232 ,0.7959694775
1233 ,0.8431729026
1234 ,0.2888117485
1235 ,0.3841612972
1236 ,0.6789001072
1237 ,0.1347857387
1238 ,0.7915820328
1239 ,0.7098742912
1240 ,0.1076140719
1241 ,0.9682436424
1242 ,0.1692485517
1243 ,0.0578178483
1244 ,0.0231366386
1245 ,0.7267603517
1246 ,0.2133314573
1247 ,0.0654236753
1248 ,0.2137432450
1249 ,0.9296420484
1250 ,0.6373524146
1251 ,0.1706375805
1252 ,0.2803483117
1253 ,0.6382950730
1254 ,0.1863742150
1255 ,0.7139379747
1256 ,0.1621475724
1257 ,0.8241825669
1258 ,0.4687675896
1259 ,0.8390754233
1260 ,0.8215003318
1261 ,0.8907730588
1262 ,0.9176119620
1263 ,0.4640073434
1264 ,0.5075224146
1265 ,0.9753683628
1266 ,0.8719322261
1267 ,0.8566716201
1268 ,0.6428115191
1269 ,0.0544198859
1270 ,0.2025008628
1271 ,0.2787967247
1272 ,0.9332530344
1273 ,0.7804786646
1274 ,0.5283621815
1275 ,0.8213017460
1276 ,0.3488267522
1277 ,0.9300055188
1278 ,0.9472345523
1279 ,0.8716107762
1280 ,0.8767590849
1281 ,0.9457016026
1282 ,0.8044324442
1283 ,0.8140103282
1284 ,0.1372207478
1285 ,0.6312770213
1286 ,0.7752135176
1287 ,0.4965997275
1288 ,0.2734910327
1289 ,0.4520026531
1290 ,0.9297628723
1291 ,0.9543546090
1292 ,0.4566338767
1293 ,0.0311314099
1294 ,0.9063057465
1295 ,0.7433152555
1296 ,0.2023258238
1297 ,0.0292783346
1298 ,0.8031124305
1299 ,0.9741535204
1300 ,0.1126780277
1301 ,0.3307567519
1302 ,0.0532992738
1303 ,0.8757312508
1304 ,0.3336628818
1305 ,0.2676076936
1306 ,0.8417184407
1307 ,0.7358579348
1308 ,0.8173346092
1309 ,0.7144362636
1310 ,0.8372554589
1311 ,0.6994115273
1312 ,0.9553629130
1313 ,0.2135958237
1314 ,0.7733120711
1315 ,0.3022586103
1316 ,0.7734424920
1317 ,0.4289363216
1318 ,0.1087033179
1319 ,0.0297279777
1320 ,0.2265863932
1321 ,0.8026841794
1322 ,0.3864332293
1323 ,0.0927448666
1324 ,0.8445600249
1325 ,0.4962886568
1326 ,0.8569161000
1327 ,0.2682410945
1328 ,0.0367432645
1329 ,0.1651997465
1330 ,0.9239451752
1331 ,0.3916435745
1332 ,0.4521791004
1333 ,0.9710011649
1334 ,0.4850202061
1335 ,0.7653508212
1336 ,0.7742031841
1337 ,0.1265699168
1338 ,0.1531949428
1339 ,0.5824084555
1340 ,0.0876979585
1341 ,0.9549709698
1342 ,0.9659435078
1343 ,0.9019820287
1344 ,0.9354547001
1345 ,0.8963922959
1346 ,0.9674466245
1347 ,0.3038551830
1348 ,0.9684542349
1349 ,0.7489138310
1350 ,0.8703774395
1351 ,0.9406020915
1352 ,0.1040056353
1353 ,0.7373174388
1354 ,0.9469324153
1355 ,0.8520732329
1356 ,0.1073820146
1357 ,0.6493673073
1358 ,0.1342298460
1359 ,0.1942736424
1360 ,0.8663144896
1361 ,0.9594703002
1362 ,0.5219264203
1363 ,0.5865320610
1364 ,0.7789904392
1365 ,0.9507414842
1366 ,0.8013741865
1367 ,0.9743859174
1368 ,0.6702325227
1369 ,0.9414289085
1370 ,0.6614568097
1371 ,0.9172479310
1372 ,0.4818859426
1373 ,0.9824810921
1374 ,0.0170068274
1375 ,0.4016552900
1376 ,0.4648627825
1377 ,0.9695864217
1378 ,0.7720049100
1379 ,0.0884277691
1380 ,0.2583934125
1381 ,0.8939238049
1382 ,0.3014461590
1383 ,0.8928969722
1384 ,0.6758453785
1385 ,0.0390764410
1386 ,0.9132428668
1387 ,0.8889308506
1388 ,0.8905528439
1389 ,0.0281451772
1390 ,0.8037119312
1391 ,0.7623696459
1392 ,0.5245727766
1393 ,0.9481446312
1394 ,0.9234991090
1395 ,0.7290314015
1396 ,0.2706149208
1397 ,0.0891360062
1398 ,0.0518878840
1399 ,0.1610935320
1400 ,0.5526452314
1401 ,0.7547837458
1402 ,0.9459952280
1403 ,0.7979971775
1404 ,0.2556568516
1405 ,0.0272564417
1406 ,0.8802519642
1407 ,0.0252526299
1408 ,0.9245945185
1409 ,0.8919972509
1410 ,0.5495176229
1411 ,0.1690245667
1412 ,0.3733902970
1413 ,0.5484083627
1414 ,0.9259812471
1415 ,0.5074740499
1416 ,0.1288358456
1417 ,0.3133245115
1418 ,0.8463268598
1419 ,0.2422768408
1420 ,0.8593477571
1421 ,0.0611649726
1422 ,0.8227712651
1423 ,0.9382949101
1424 ,0.4665176109
1425 ,0.2604045428
1426 ,0.7421919866
1427 ,0.0281726923
1428 ,0.0609999713
1429 ,0.1025456218
1430 ,0.8580889496
1431 ,0.6791895815
1432 ,0.5891214116
1433 ,0.0218584603
1434 ,0.1839051811
1435 ,0.5609805451
1436 ,0.1869933894
1437 ,0.0383456979
1438 ,0.9493095744
1439 ,0.0481200447
1440 ,0.9363642004
1441 ,0.8163060472
1442 ,0.1134690776
1443 ,0.3251209698
1444 ,0.0759945593
1445 ,0.1480626266
1446 ,0.2085636185
1447 ,0.0392369128
1448 ,0.1700198281
1449 ,0.9208725969
1450 ,0.7128412542
1451 ,0.8186749475
1452 ,0.5373043093
1453 ,0.2295759070
1454 ,0.4226824660
1455 ,0.3236420673
1456 ,0.8986355611
1457 ,0.9034857209
1458 ,0.6927043624
1459 ,0.6231913417
1460 ,0.4650856493
1461 ,0.2657740586
1462 ,0.8545792398
1463 ,0.2417852976
1464 ,0.8280953897
1465 ,0.9515983332
1466 ,0.3075212773
1467 ,0.9018720596
1468 ,0.3790404887
1469 ,0.7189969244
1470 ,0.9604890231
1471 ,0.8063715242
1472 ,0.1511301400
1473 ,0.8595462618
1474 ,0.0892471587
1475 ,0.1106125954
1476 ,0.2410210366
1477 ,0.9326109365
1478 ,0.4985976192
1479 ,0.3210914838
1480 ,0.8311199512
1481 ,0.0261085340
1482 ,0.0763434666
1483 ,0.9438557568
1484 ,0.7750379713
1485 ,0.2128069374
1486 ,0.0183582768
1487 ,0.3185043920
1488 ,0.2915343901
1489 ,0.2225625776
1490 ,0.8024590145
1491 ,0.7829287872
1492 ,0.0534965220
1493 ,0.8495607808
1494 ,0.1909575516
1495 ,0.7919907636
1496 ,0.9810051086
1497 ,0.3085113059
1498 ,0.9385662199
1499 ,0.1608608220
1500 ,0.8903082929
1501 ,0.2490014903
1502 ,0.3498944956
1503 ,0.6178204433
1504 ,0.6992014257
1505 ,0.6658908258
1506 ,0.0631169026
1507 ,0.2157966154
1508 ,0.8999578695
1509 ,0.8538113365
1510 ,0.7089812405
1511 ,0.9045335527
1512 ,0.5891883336
1513 ,0.9466796936
1514 ,0.7387707947
1515 ,0.0349414922
1516 ,0.0187165718
1517 ,0.0736637974
1518 ,0.6240767811
1519 ,0.4455056206
1520 ,0.0588125563
1521 ,0.2552444147
1522 ,0.9485301735
1523 ,0.2775213521
1524 ,0.0172377418
1525 ,0.8601443009
1526 ,0.0151075911
1527 ,0.2276798479
1528 ,0.8006288565
1529 ,0.9658620370
1530 ,0.5783675711
1531 ,0.4949048153
1532 ,0.7598305696
1533 ,0.9035610428
1534 ,0.1239745625
1535 ,0.7702089628
1536 ,0.4280508113
1537 ,0.1890248108
1538 ,0.2993516027
1539 ,0.7563122163
1540 ,0.9643194347
1541 ,0.3765914510
1542 ,0.9356363789
1543 ,0.0277681627
1544 ,0.8501705432
1545 ,0.7738787405
1546 ,0.9329289211
1547 ,0.6505744097
1548 ,0.8726701548
1549 ,0.7941884716
1550 ,0.3048991835
1551 ,0.9133198113
1552 ,0.8188011820
1553 ,0.8179031930
1554 ,0.7171807123
1555 ,0.8630719122
1556 ,0.8617202808
1557 ,0.5554608039
1558 ,0.8424211606
1559 ,0.8713588180
1560 ,0.9419422504
1561 ,0.3600719849
1562 ,0.0951123504
1563 ,0.0644872605
1564 ,0.3510067990
1565 ,0.5268766893
1566 ,0.4187804184
1567 ,0.8820637964
1568 ,0.1265323485
1569 ,0.9353665989
1570 ,0.7717646908
1571 ,0.9652046824
1572 ,0.7324207913
1573 ,0.9634605233
1574 ,0.3872330352
1575 ,0.0446897213
1576 ,0.8947127314
1577 ,0.9578294600
1578 ,0.6060727384
1579 ,0.8799776614
1580 ,0.8103630788
1581 ,0.8142083269
1582 ,0.3687840171
1583 ,0.8726865177
1584 ,0.9672478453
1585 ,0.6240901775
1586 ,0.3909653932
1587 ,0.9663655872
1588 ,0.9509861589
1589 ,0.5922369286
1590 ,0.0391597644
1591 ,0.0717147456
1592 ,0.8521388599
1593 ,0.9490207220
1594 ,0.1010341182
1595 ,0.5589632101
1596 ,0.4831865622
1597 ,0.4439022279
1598 ,0.8248866751
1599 ,0.7448428640
1600 ,0.7209593137
1601 ,0.7940659351
1602 ,0.2062804914
1603 ,0.0807445707
1604 ,0.8760132581
1605 ,0.0738098465
1606 ,0.0911718253
1607 ,0.9364915862
1608 ,0.0414317422
1609 ,0.8633576547
1610 ,0.9076925642
1611 ,0.8293424396
1612 ,0.7996466480
1613 ,0.9199081738
1614 ,0.1903345946
1615 ,0.6638577790
1616 ,0.2012036920
1617 ,0.1001508502
1618 ,0.7035722591
1619 ,0.9755776249
1620 ,0.9697028755
1621 ,0.2437081244
1622 ,0.6760091806
1623 ,0.7545567092
1624 ,0.9447471844
1625 ,0.8960722699
1626 ,0.1843147703
1627 ,0.0219753327
1628 ,0.3200657468
1629 ,0.5516390144
1630 ,0.0460985979
1631 ,0.7085205817
1632 ,0.7502145531
1633 ,0.7461747859
1634 ,0.2320523279
1635 ,0.2425770763
1636 ,0.1660550172
1637 ,0.8482788716
1638 ,0.8777803188
1639 ,0.1608698757
1640 ,0.7495059941
1641 ,0.2794922259
1642 ,0.9219848675
1643 ,0.8112932489
1644 ,0.1033328247
1645 ,0.9615408417
1646 ,0.2561485740
1647 ,0.8760564948
1648 ,0.8948862043
1649 ,0.6781899149
1650 ,0.3470405106
1651 ,0.7541328929
1652 ,0.9672851136
1653 ,0.5768930570
1654 ,0.7457179331
1655 ,0.1256649412
1656 ,0.8116581374
1657 ,0.7797461351
1658 ,0.9608203754
1659 ,0.3496953453
1660 ,0.9637283548
1661 ,0.1158294826
1662 ,0.3458458002
1663 ,0.1873173584
1664 ,0.6035363739
1665 ,0.6498471296
1666 ,0.4758037932
1667 ,0.8836827851
1668 ,0.3130732294
1669 ,0.9356248580
1670 ,0.7312109415
1671 ,0.1934164445
1672 ,0.9522496321
1673 ,0.2076701659
1674 ,0.2228146701
1675 ,0.7036775031
1676 ,0.8404071225
1677 ,0.0517731069
1678 ,0.9127035311
1679 ,0.6122010781
1680 ,0.6948245587
1681 ,0.9329240774
1682 ,0.2413312592
1683 ,0.9793961290
1684 ,0.8620488148
1685 ,0.8592857023
1686 ,0.0886519733
1687 ,0.9479181705
1688 ,0.5292713731
1689 ,0.3015199602
1690 ,0.8215916985
1691 ,0.6517285937
1692 ,0.0778955499
1693 ,0.2890691567
1694 ,0.4315013317
1695 ,0.7217552486
1696 ,0.0788056838
1697 ,0.9334764420
1698 ,0.0499928141
1699 ,0.0286857497
1700 ,0.1009797339
1701 ,0.8506777883
1702 ,0.8984708842
1703 ,0.2986462518
1704 ,0.7180000536
1705 ,0.1138871553
1706 ,0.1879239271
1707 ,0.7973966610
1708 ,0.0405869465
1709 ,0.8493238746
1710 ,0.5034337585
1711 ,0.1707833592
1712 ,0.6558683386
1713 ,0.0446953642
1714 ,0.1065984252
1715 ,0.2841148486
1716 ,0.0369451613
1717 ,0.2476368776
1718 ,0.9263668775
1719 ,0.9534933196
1720 ,0.4327669673
1721 ,0.0620410724
1722 ,0.0557486605
1723 ,0.4329562362
1724 ,0.4495888957
1725 ,0.2334007865
1726 ,0.9401098811
1727 ,0.9835002811
1728 ,0.3634955635
1729 ,0.9057612058
1730 ,0.5759752511
1731 ,0.3215135424
1732 ,0.2395072590
1733 ,0.8591169721
1734 ,0.5620236401
1735 ,0.6797871068
1736 ,0.9870479065
1737 ,0.1423277989
1738 ,0.8053162490
1739 ,0.8540891554
1740 ,0.9768025681
1741 ,0.7526494666
1742 ,0.8736390047
1743 ,0.6584891435
1744 ,0.1680296033
1745 ,0.1433896927
1746 ,0.2545191729
1747 ,0.0299645066
1748 ,0.8120016585
1749 ,0.9680418600
1750 ,0.1186438767
1751 ,0.7769962256
1752 ,0.9156472436
1753 ,0.2207824241
1754 ,0.0846269213
1755 ,0.1752802829
1756 ,0.9437408981
1757 ,0.6183619796
1758 ,0.0567216629
1759 ,0.9201159084
1760 ,0.9538090174
1761 ,0.8476982445
1762 ,0.9409025714
1763 ,0.1312945050
1764 ,0.5296825148
1765 ,0.9307811974
1766 ,0.8691987840
1767 ,0.7761713681
1768 ,0.6871446629
1769 ,0.9643688538
1770 ,0.7861118966
1771 ,0.8286524835
1772 ,0.9502063765
1773 ,0.9012150698
1774 ,0.3770566871
1775 ,0.1610182268
1776 ,0.9097888964
1777 ,0.0310672215
1778 ,0.9233452529
1779 ,0.0641804297
1780 ,0.4255518757
1781 ,0.6576708768
1782 ,0.8922327409
1783 ,0.2629248559
1784 ,0.8460981892
1785 ,0.4701855025
1786 ,0.0224756570
1787 ,0.4740284356
1788 ,0.3997978139
1789 ,0.1874168892
1790 ,0.3770241900
1791 ,0.3897336481
1792 ,0.8412816188
1793 ,0.9351323552
1794 ,0.5623158588
1795 ,0.0206235423
1796 ,0.9580818885
1797 ,0.4101543384
1798 ,0.4090540106
1799 ,0.8781841646
1800 ,0.0990490083
1801 ,0.9466408004
1802 ,0.1611935389
1803 ,0.5208861387
1804 ,0.4182129162
1805 ,0.8269981950
1806 ,0.4824909752
1807 ,0.6785412918
1808 ,0.1145584787
1809 ,0.7380774784
1810 ,0.9112589615
1811 ,0.9022710157
1812 ,0.3891599046
1813 ,0.8298373131
1814 ,0.6957942721
1815 ,0.8678859779
1816 ,0.4027790374
1817 ,0.9228979720
1818 ,0.3581981265
1819 ,0.7603000309
1820 ,0.2479052797
1821 ,0.3532648634
1822 ,0.4318614571
1823 ,0.9704533386
1824 ,0.8387478507
1825 ,0.9532622915
1826 ,0.8195070276
1827 ,0.7995242301
1828 ,0.9241499484
1829 ,0.6750527852
1830 ,0.9101666721
1831 ,0.3152180204
1832 ,0.1062276697
1833 ,0.5082990060
1834 ,0.6204170028
1835 ,0.5837277543
1836 ,0.4671948646
1837 ,0.1944253765
1838 ,0.2126200827
1839 ,0.7627592543
1840 ,0.6929187995
1841 ,0.0581795233
1842 ,0.9098918500
1843 ,0.8016666282
1844 ,0.2812842752
1845 ,0.7122403646
1846 ,0.1445058943
1847 ,0.8113911609
1848 ,0.4462596030
1849 ,0.3431761055
1850 ,0.6968468479
1851 ,0.9606838606
1852 ,0.0519129172
1853 ,0.7632800859
1854 ,0.9468890904
1855 ,0.8453365969
1856 ,0.8983067316
1857 ,0.2667420193
1858 ,0.2139786436
1859 ,0.4242801646
1860 ,0.9366779730
1861 ,0.5879950459
1862 ,0.0665304642
1863 ,0.7646396096
1864 ,0.9602696868
1865 ,0.5031554513
1866 ,0.7798047339
1867 ,0.9406117989
1868 ,0.8841180927
1869 ,0.8447845503
1870 ,0.6154405835
1871 ,0.9028128610
1872 ,0.8789391574
1873 ,0.4362650776
1874 ,0.3513867009
1875 ,0.2511088665
1876 ,0.8027595830
1877 ,0.0174393053
1878 ,0.1522875761
1879 ,0.7976668689
1880 ,0.7741064545
1881 ,0.2949205766
1882 ,0.2596032183
1883 ,0.6228031869
1884 ,0.0982892371
1885 ,0.9262664918
1886 ,0.2109572861
1887 ,0.8019879251
1888 ,0.9751438831
1889 ,0.9692653781
1890 ,0.0788941989
1891 ,0.8889259853
1892 ,0.2606911362
1893 ,0.8555113709
1894 ,0.4885251768
1895 ,0.5048259594
1896 ,0.7753480791
1897 ,0.9370342364
1898 ,0.6615144702
1899 ,0.8601129416
1900 ,0.2958618616
1901 ,0.9034675682
1902 ,0.8972974205
1903 ,0.5455833961
1904 ,0.0387404864
1905 ,0.1131344638
1906 ,0.0644292636
1907 ,0.8583722874
1908 ,0.0671450811
1909 ,0.9219349197
1910 ,0.1466341249
1911 ,0.4181296626
1912 ,0.9372186614
1913 ,0.0382252427
1914 ,0.8868093704
1915 ,0.7902674333
1916 ,0.2664285551
1917 ,0.1928307916
1918 ,0.0931341355
1919 ,0.7881355502
1920 ,0.3991393865
1921 ,0.7214657195
1922 ,0.7350740361
1923 ,0.1007674590
1924 ,0.2117305097
1925 ,0.8485917261
1926 ,0.3895441885
1927 ,0.1848332050
1928 ,0.9087341133
1929 ,0.8599019339
1930 ,0.0710848047
1931 ,0.1420442667
1932 ,0.0959821233
1933 ,0.1186194299
1934 ,0.8134606445
1935 ,0.0658692123
1936 ,0.0776960867
1937 ,0.2389676220
1938 ,0.9180255558
1939 ,0.6607049234
1940 ,0.6344968396
1941 ,0.9372895229
1942 ,0.9653537464
1943 ,0.7248851165
1944 ,0.3458357982
1945 ,0.0688538380
1946 ,0.1425032492
1947 ,0.4340167086
1948 ,0.5610906363
1949 ,0.0829693631
1950 ,0.7205228754
1951 ,0.9405903419
1952 ,0.0644402475
1953 ,0.9582756819
1954 ,0.1387027932
1955 ,0.9121564233
1956 ,0.1697199135
1957 ,0.1851294356
1958 ,0.0415449776
1959 ,0.9081909215
1960 ,0.3762699653
1961 ,0.1195820679
1962 ,0.0918146641
1963 ,0.2404716500
1964 ,0.4841382144
1965 ,0.4236111190
1966 ,0.0489459672
1967 ,0.9281206367
1968 ,0.2018037536
1969 ,0.9188776027
1970 ,0.2996716808
1971 ,0.7519191848
1972 ,0.9492681425
1973 ,0.9691671088
1974 ,0.3300536222
1975 ,0.9016640282
1976 ,0.8498137489
1977 ,0.0645786661
1978 ,0.9372750576
1979 ,0.0347163287
1980 ,0.8618385698
1981 ,0.8489608193
1982 ,0.0414809236
1983 ,0.4141640692
1984 ,0.1766264838
1985 ,0.1408176770
1986 ,0.9574322680
1987 ,0.3033409712
1988 ,0.6632972353
1989 ,0.9716722697
1990 ,0.6909368265
1991 ,0.2256632586
1992 ,0.8395347979
1993 ,0.9064992039
1994 ,0.1802172727
1995 ,0.2061312344
1996 ,0.9368313162
1997 ,0.9474699911
1998 ,0.9830119637
1999 ,0.6952104557
2000 ,0.7629659562
2001 ,0.3762557704
2002 ,0.9517439536
2003 ,0.2094873953
2004 ,0.8171631555
2005 ,0.7194708519
2006 ,0.2398486223
2007 ,0.0234846285
2008 ,0.9696874723
2009 ,0.0608392432
2010 ,0.1086166828
2011 ,0.2159263383
2012 ,0.5919294605
2013 ,0.5849331543
2014 ,0.7869044748
2015 ,0.8408885232
2016 ,0.8302997021
2017 ,0.1766047401
2018 ,0.2712498484
2019 ,0.4169790356
2020 ,0.8526221295
2021 ,0.1288864980
2022 ,0.8725354886
2023 ,0.5359229138
2024 ,0.4600668887
2025 ,0.4003804103
2026 ,0.1384783856
2027 ,0.0389994055
2028 ,0.2082250497
2029 ,0.1971974063
2030 ,0.8721349208
2031 ,0.6191076240
2032 ,0.8105339626
2033 ,0.3983918345
2034 ,0.0600127331
2035 ,0.6763075370
2036 ,0.9179706148
2037 ,0.0192451679
2038 ,0.4562878012
2039 ,0.7551090563
2040 ,0.8266599522
2041 ,0.8126785774
2042 ,0.3835228627
2043 ,0.2509678401
2044 ,0.1147791456
2045 ,0.2865929843
2046 ,0.5230600315
2047 ,0.9551073546
2048 ,0.9352066447
2049 ,0.1629257682
2050 ,0.0745676573
2051 ,0.3002469271
2052 ,0.9049844368
2053 ,0.8246647439
2054 ,0.3072191790
2055 ,0.6948276189
2056 ,0.6878143107
2057 ,0.7794235449
2058 ,0.8707915950
2059 ,0.4723764909
2060 ,0.1878996101
2061 ,0.6989583357
2062 ,0.9570100472
2063 ,0.8246169578
2064 ,0.0600007849
2065 ,0.1475200586
2066 ,0.3853372118
2067 ,0.6719405057
2068 ,0.7082219831
2069 ,0.7102807719
2070 ,0.9625669591
2071 ,0.0531409503
2072 ,0.2041929857
2073 ,0.8690763921
2074 ,0.9648488528
2075 ,0.0911895083
2076 ,0.9519960499
2077 ,0.1509243915
2078 ,0.8225410819
2079 ,0.8881666604
2080 ,0.8769169002
2081 ,0.9518514098
2082 ,0.3094049999
2083 ,0.4875038244
2084 ,0.9422357796
2085 ,0.2129117585
2086 ,0.1322939479
2087 ,0.0566717488
2088 ,0.3336245937
2089 ,0.5104418704
2090 ,0.2226036667
2091 ,0.1836886733
2092 ,0.9041305900
2093 ,0.2984014631
2094 ,0.8508773816
2095 ,0.4875863740
2096 ,0.7966750475
2097 ,0.9433764934
2098 ,0.7933224636
2099 ,0.9012962586
2100 ,0.8803789969
2101 ,0.4012327849
2102 ,0.2329459543
2103 ,0.6585868609
2104 ,0.5699038485
2105 ,0.9065923359
2106 ,0.0363050670
2107 ,0.9498419393
2108 ,0.9505581768
2109 ,0.8775278873
2110 ,0.6852421743
2111 ,0.7642782783
2112 ,0.1560198159
2113 ,0.8780310210
2114 ,0.3802207492
2115 ,0.1576100277
2116 ,0.1246916087
2117 ,0.7980879675
2118 ,0.2109011066
2119 ,0.2497028145
2120 ,0.8706187175
2121 ,0.8389282273
2122 ,0.8590618110
2123 ,0.7104427501
2124 ,0.1230160852
2125 ,0.9124035085
2126 ,0.0715275711
2127 ,0.9177526982
2128 ,0.6490420404
2129 ,0.9582013593
2130 ,0.1106536420
2131 ,0.8793739864
2132 ,0.2979580039
2133 ,0.2510221924
2134 ,0.8453249406
2135 ,0.7997184233
2136 ,0.1098755965
2137 ,0.7645532446
2138 ,0.9303321145
2139 ,0.9196455185
2140 ,0.1042377966
2141 ,0.1736829442
2142 ,0.2696113454
2143 ,0.2703219735
2144 ,0.1064097536
2145 ,0.1285941771
2146 ,0.9663364946
2147 ,0.8958909478
2148 ,0.5923169834
2149 ,0.2199370804
2150 ,0.3650272260
2151 ,0.1255585624
2152 ,0.2771212285
2153 ,0.2870895477
2154 ,0.8891357895
2155 ,0.8059288044
2156 ,0.0240618417
2157 ,0.1772408095
2158 ,0.3863402880
2159 ,0.7390185548
2160 ,0.9500594070
2161 ,0.8989281899
2162 ,0.8194700869
2163 ,0.8210765440
2164 ,0.9143096540
2165 ,0.8129612126
2166 ,0.8009267224
2167 ,0.8026041493
2168 ,0.0885177991
2169 ,0.0577853586
2170 ,0.8386890927
2171 ,0.4985577371
2172 ,0.9320883171
2173 ,0.0806971832
2174 ,0.0428224043
2175 ,0.0220225241
2176 ,0.8233743911
2177 ,0.1391666242
2178 ,0.1944752988
2179 ,0.6468102206
2180 ,0.8940768750
2181 ,0.7547980699
2182 ,0.1314596267
2183 ,0.7520762057
2184 ,0.0984289944
2185 ,0.4497677345
2186 ,0.1682505000
2187 ,0.1110869643
2188 ,0.9737072223
2189 ,0.2059813089
2190 ,0.5024745863
2191 ,0.3307064302
2192 ,0.6484921818
2193 ,0.7101448378
2194 ,0.5092262469
2195 ,0.0876921088
2196 ,0.1511104463
2197 ,0.1244254787
2198 ,0.0812750864
2199 ,0.6606491789
2200 ,0.7057712109
2201 ,0.9306508689
2202 ,0.9220217738
2203 ,0.0875328551
2204 ,0.8073859981
2205 ,0.0847662829
2206 ,0.6261476896
2207 ,0.5044892990
2208 ,0.9623691108
2209 ,0.0833877237
2210 ,0.0472762323
2211 ,0.9347285810
2212 ,0.7298128611
2213 ,0.9293078670
2214 ,0.6971956840
2215 ,0.9798737263
2216 ,0.4898680928
2217 ,0.8423074177
2218 ,0.4209153059
2219 ,0.7777901866
2220 ,0.9483931771
2221 ,0.2674836346
2222 ,0.7014537340
2223 ,0.9565353485
2224 ,0.1249953398
2225 ,0.0636293734
2226 ,0.4512394236
2227 ,0.6064327533
2228 ,0.9494750660
2229 ,0.0611646076
2230 ,0.7222758198
2231 ,0.7295233985
2232 ,0.0258648110
2233 ,0.9234733469
2234 ,0.1581689102
2235 ,0.0390259473
2236 ,0.0445949375
2237 ,0.0872372836
2238 ,0.3199244609
2239 ,0.9553559916
2240 ,0.2682074377
2241 ,0.9297973478
2242 ,0.9580829370
2243 ,0.5047042875
2244 ,0.9854785889
2245 ,0.8649253146
2246 ,0.3617664341
2247 ,0.2754083958
2248 ,0.7905919564
2249 ,0.7914566909
2250 ,0.5810388414
2251 ,0.1474573520
2252 ,0.0331305159
2253 ,0.1743602484
2254 ,0.8861380936
2255 ,0.7925023164
2256 ,0.5892566441
2257 ,0.0751895614
2258 ,0.4997762251
2259 ,0.7637754052
2260 ,0.8439822919
2261 ,0.9482334418
2262 ,0.0233308926
2263 ,0.0756026095
2264 ,0.1245114231
2265 ,0.9469130237
2266 ,0.9414400176
2267 ,0.7799578249
2268 ,0.4146704651
2269 ,0.0469386082
2270 ,0.1210068413
2271 ,0.9345133476
2272 ,0.2260340424
2273 ,0.5937101146
2274 ,0.3733709814
2275 ,0.7817413750
2276 ,0.8489959442
2277 ,0.0659539542
2278 ,0.6405881359
2279 ,0.1759909066
2280 ,0.0562149813
2281 ,0.2673752390
2282 ,0.3212528945
2283 ,0.2258394374
2284 ,0.4731687956
2285 ,0.2160576407
2286 ,0.4556621043
2287 ,0.0467203186
2288 ,0.9162655457
2289 ,0.9425423870
2290 ,0.9383509835
2291 ,0.9244579383
2292 ,0.2778973279
2293 ,0.9826856488
2294 ,0.8713797911
2295 ,0.8843731290
2296 ,0.0529751795
2297 ,0.5785995367
2298 ,0.5266841718
2299 ,0.5000806448
2300 ,0.9818952515
2301 ,0.0777023594
2302 ,0.7602554760
2303 ,0.6891318089
2304 ,0.7758901300
2305 ,0.8026272605
2306 ,0.5480241714
2307 ,0.7784317378
2308 ,0.2765937282
2309 ,0.8790134936
2310 ,0.8677780091
2311 ,0.1113972394
2312 ,0.8649950969
2313 ,0.9553427448
2314 ,0.9796540396
2315 ,0.2858055038
2316 ,0.6463717110
2317 ,0.0172973094
2318 ,0.8421622413
2319 ,0.8054923481
2320 ,0.3309624397
2321 ,0.8523825613
2322 ,0.7250689290
2323 ,0.1433121544
2324 ,0.9808132357
2325 ,0.0630353864
2326 ,0.7505009674
2327 ,0.8490768381
2328 ,0.8141518634
2329 ,0.1306321069
2330 ,0.4144110765
2331 ,0.3443434881
2332 ,0.1298108964
2333 ,0.8016319832
2334 ,0.1535525640
2335 ,0.7540322138
2336 ,0.9771985288
2337 ,0.1181012944
2338 ,0.8830981244
2339 ,0.1492987783
2340 ,0.9364699678
2341 ,0.9147822354
2342 ,0.9208171343
2343 ,0.9693347801
2344 ,0.7690725505
2345 ,0.8959477823
2346 ,0.7180290048
2347 ,0.5514073004
2348 ,0.4850243878
2349 ,0.2462475053
2350 ,0.0483274043
2351 ,0.8209345821
2352 ,0.1345387800
2353 ,0.0685192847
2354 ,0.1164885930
2355 ,0.1873413319
2356 ,0.1155403275
2357 ,0.6822788584
2358 ,0.2518359366
2359 ,0.9730055537
2360 ,0.4826592698
2361 ,0.8478197844
2362 ,0.2764893017
2363 ,0.8634000616
2364 ,0.0520255509
2365 ,0.3343139724
2366 ,0.7097947590
2367 ,0.7851800511
2368 ,0.3565632824
2369 ,0.9565190968
2370 ,0.9019599833
2371 ,0.5849828722
2372 ,0.9100331680
2373 ,0.1024477804
2374 ,0.2078903188
2375 ,0.5749783768
2376 ,0.9391974826
2377 ,0.0642073263
2378 ,0.1665910409
2379 ,0.0239975889
2380 ,0.6954694086
2381 ,0.0189719485
2382 ,0.5096889527
2383 ,0.8814570518
2384 ,0.2565898669
2385 ,0.1367398092
2386 ,0.8103044551
2387 ,0.7287342424
2388 ,0.2884965776
2389 ,0.8793267398
2390 ,0.7054137436
2391 ,0.8667891257
2392 ,0.1781501924
2393 ,0.9521085028
2394 ,0.9685316624
2395 ,0.0730444608
2396 ,0.8115493306
2397 ,0.0299446337
2398 ,0.0275147968
2399 ,0.7944020783
2400 ,0.8854396431
2401 ,0.8658641319
2402 ,0.5715921404
2403 ,0.3855527682
2404 ,0.8515114557
2405 ,0.6732880179
2406 ,0.9724602704
2407 ,0.3890781372
2408 ,0.9392976819
2409 ,0.9685335099
2410 ,0.8046460247
2411 ,0.9725190600
2412 ,0.4807761344
2413 ,0.7732765570
2414 ,0.0776265441
2415 ,0.0875969325
2416 ,0.7554801912
2417 ,0.7442083063
2418 ,0.7697648838
2419 ,0.0450235052
2420 ,0.2512554544
2421 ,0.0973497747
2422 ,0.2289494861
2423 ,0.6307791782
2424 ,0.9742887163
2425 ,0.2794392373
2426 ,0.8046082043
2427 ,0.0456581292
2428 ,0.9451069662
2429 ,0.8761838882
2430 ,0.9799886502
2431 ,0.4656656358
2432 ,0.1789663691
2433 ,0.3892526129
2434 ,0.5356230894
2435 ,0.1673365679
2436 ,0.7722827839
2437 ,0.0414400822
2438 ,0.2674926915
2439 ,0.9036512990
2440 ,0.9120220481
2441 ,0.9514823909
2442 ,0.0321738138
2443 ,0.0382816177
2444 ,0.7798689104
2445 ,0.8798669586
2446 ,0.7719461333
2447 ,0.8837309919
2448 ,0.1421671572
2449 ,0.4496070552
2450 ,0.1346577795
2451 ,0.2956194888
2452 ,0.1614902715
2453 ,0.0411623800
2454 ,0.9232607333
2455 ,0.0509521900
2456 ,0.1420174954
2457 ,0.6112987639
2458 ,0.3383465155
2459 ,0.3159600145
2460 ,0.9384375540
2461 ,0.7874320410
2462 ,0.8403631949
2463 ,0.9506512478
2464 ,0.9742887252
2465 ,0.5135553188
2466 ,0.9404542578
2467 ,0.8500229517
2468 ,0.0817396269
2469 ,0.7388419900
2470 ,0.1280001311
2471 ,0.9638575970
2472 ,0.7581785067
2473 ,0.6499132541
2474 ,0.2830227263
2475 ,0.1740723500
2476 ,0.9345264111
2477 ,0.0775281452
2478 ,0.0817796267
2479 ,0.7911270796
2480 ,0.8978609453
2481 ,0.0757261742
2482 ,0.7403381076
2483 ,0.0847359898
2484 ,0.2288316719
2485 ,0.5842251985
2486 ,0.9600690797
2487 ,0.0636710087
2488 ,0.6933065614
2489 ,0.8693000859
2490 ,0.2599875057
2491 ,0.8662696288
2492 ,0.9806425374
2493 ,0.9563037183
2494 ,0.3465388242
2495 ,0.8208355513
2496 ,0.1744582704
2497 ,0.2997427784
2498 ,0.0966678277
2499 ,0.8961844751
2500 ,0.7293032727
2501 ,0.3654883586
