MoleculeId,PredictedProbability
1 ,0.9162016794
2 ,0.9411028261
3 ,0.5694505445
4 ,0.9539326665
5 ,0.0927315350
6 ,0.5519909602
7 ,0.9328388146
8 ,0.7647283876
9 ,0.9313213639
10 ,0.4651411600
11 ,0.2558999105
12 ,0.7019938805
13 ,0.8849501126
14 ,0.4491845086
15 ,0.2279018049
16 ,0.1636302314
17 ,0.1381765562
18 ,0.1269539474
19 ,0.2950452621
20 ,0.8814757696
21 ,0.1099730421
22 ,0.9249907462
23 ,0.9003331131
24 ,0.9425730882
25 ,0.9309286010
26 ,0.5976814011
27 ,0.0922962678
28 ,0.1206067151
29 ,0.1104780766
30 ,0.3677925025
31 ,0.2109682584
32 ,0.0888717515
33 ,0.8339644643
34 ,0.4109915015
35 ,0.3066600693
36 ,0.9301793271
37 ,0.8614219266
38 ,0.8385946981
39 ,0.9354468843
40 ,0.9507925193
41 ,0.1913136706
42 ,0.0575451199
43 ,0.7598271581
44 ,0.9235162192
45 ,0.0583145376
46 ,0.3347163539
47 ,0.8868766786
48 ,0.5119014217
49 ,0.9434912382
50 ,0.7264883890
51 ,0.8971960983
52 ,0.0672286749
53 ,0.8675356303
54 ,0.1058385116
55 ,0.0963206837
56 ,0.9099892622
57 ,0.9498963664
58 ,0.9397629319
59 ,0.9521088716
60 ,0.8071866591
61 ,0.7993443008
62 ,0.9329332355
63 ,0.1893313215
64 ,0.0505636850
65 ,0.3972790931
66 ,0.3169604774
67 ,0.3293907033
68 ,0.1318028448
69 ,0.1625366539
70 ,0.2714910666
71 ,0.9016723074
72 ,0.7698188639
73 ,0.9257490565
74 ,0.9305297440
75 ,0.1852652140
76 ,0.1970287510
77 ,0.9355255016
78 ,0.4804697675
79 ,0.9329530134
80 ,0.1758033046
81 ,0.2262534655
82 ,0.1578060898
83 ,0.1009250978
84 ,0.1161115556
85 ,0.7550553204
86 ,0.5473893730
87 ,0.2712855249
88 ,0.8931570241
89 ,0.9374785106
90 ,0.2924790246
91 ,0.6458800652
92 ,0.6992187490
93 ,0.1324440647
94 ,0.0603224726
95 ,0.7146332751
96 ,0.1938622076
97 ,0.7372382532
98 ,0.8921759453
99 ,0.9364803895
100 ,0.9191399212
101 ,0.5530098052
102 ,0.9125851114
103 ,0.8913152900
104 ,0.3936227344
105 ,0.1587575563
106 ,0.1419566724
107 ,0.6433544707
108 ,0.5788200561
109 ,0.9444801455
110 ,0.0487171249
111 ,0.5543131431
112 ,0.7472379977
113 ,0.1273083389
114 ,0.9074325702
115 ,0.9025327269
116 ,0.0845000802
117 ,0.8326107223
118 ,0.1186287512
119 ,0.6685576736
120 ,0.1530606561
121 ,0.1955458439
122 ,0.0871588284
123 ,0.9183014864
124 ,0.2836533605
125 ,0.3806254086
126 ,0.1554242550
127 ,0.5665811520
128 ,0.5084427551
129 ,0.2874538087
130 ,0.0811182297
131 ,0.0484871533
132 ,0.3758377532
133 ,0.0640077206
134 ,0.9343629260
135 ,0.4971082789
136 ,0.9432442268
137 ,0.0612450659
138 ,0.7621807670
139 ,0.8637326382
140 ,0.9074738512
141 ,0.9049508180
142 ,0.9383417514
143 ,0.8757120215
144 ,0.1426046712
145 ,0.9271054160
146 ,0.0744639491
147 ,0.8121756221
148 ,0.8993694135
149 ,0.5670257459
150 ,0.2165188594
151 ,0.0651339121
152 ,0.5615000801
153 ,0.4045388025
154 ,0.9551209905
155 ,0.9489781567
156 ,0.6283262158
157 ,0.7947721043
158 ,0.9476629637
159 ,0.5837494045
160 ,0.0497635123
161 ,0.6348731175
162 ,0.0554608286
163 ,0.1145351257
164 ,0.9523402505
165 ,0.9340545219
166 ,0.3323535781
167 ,0.6723311126
168 ,0.8789795196
169 ,0.3483218562
170 ,0.9163235217
171 ,0.9434537501
172 ,0.9201891868
173 ,0.2185850216
174 ,0.8527953562
175 ,0.0965847460
176 ,0.8453497172
177 ,0.1692311729
178 ,0.1044221348
179 ,0.6014987920
180 ,0.1382332081
181 ,0.2619233811
182 ,0.9044068076
183 ,0.7322645869
184 ,0.1041416852
185 ,0.9438287104
186 ,0.5508865065
187 ,0.9462247459
188 ,0.3042212486
189 ,0.9506532082
190 ,0.5585649551
191 ,0.1289747059
192 ,0.7588102142
193 ,0.1043215271
194 ,0.7311969448
195 ,0.9504528817
196 ,0.2077230203
197 ,0.9544728204
198 ,0.7995439259
199 ,0.6113939766
200 ,0.2097408254
201 ,0.9347716405
202 ,0.1674920280
203 ,0.3739512941
204 ,0.1364245296
205 ,0.9324649570
206 ,0.8553639727
207 ,0.6516614726
208 ,0.9407762357
209 ,0.7057670402
210 ,0.1958319352
211 ,0.9111821877
212 ,0.9116670814
213 ,0.9298006402
214 ,0.0524909909
215 ,0.7828182803
216 ,0.9285215124
217 ,0.6614233377
218 ,0.5852569534
219 ,0.3955099302
220 ,0.1881102783
221 ,0.8727118028
222 ,0.1896767060
223 ,0.1847881292
224 ,0.9491135020
225 ,0.3811630749
226 ,0.3026884395
227 ,0.2007210295
228 ,0.9422708850
229 ,0.1556593990
230 ,0.5031317686
231 ,0.7031194707
232 ,0.9486883014
233 ,0.8476312129
234 ,0.2217278441
235 ,0.8616414163
236 ,0.8882436577
237 ,0.4169246216
238 ,0.1215374522
239 ,0.9087658694
240 ,0.8465149134
241 ,0.1755447566
242 ,0.0422308088
243 ,0.7493945043
244 ,0.6086601474
245 ,0.6033044126
246 ,0.9262768394
247 ,0.0972502466
248 ,0.1195390834
249 ,0.9246412870
250 ,0.0916999575
251 ,0.7312629629
252 ,0.4680778834
253 ,0.5475768198
254 ,0.7356711094
255 ,0.9519517458
256 ,0.5597061731
257 ,0.0879219362
258 ,0.2951518133
259 ,0.4390267592
260 ,0.0643995351
261 ,0.2297937079
262 ,0.0946403978
263 ,0.1518355214
264 ,0.3878115885
265 ,0.0877149995
266 ,0.8211348332
267 ,0.7440845580
268 ,0.1049963426
269 ,0.5242664312
270 ,0.9079157011
271 ,0.9513172776
272 ,0.9294917407
273 ,0.7299694516
274 ,0.2838322035
275 ,0.1674339208
276 ,0.1287243223
277 ,0.9159448289
278 ,0.4336082221
279 ,0.8326396460
280 ,0.5272324723
281 ,0.0824058028
282 ,0.9110215729
283 ,0.6396113269
284 ,0.0415470022
285 ,0.8438687096
286 ,0.9553033310
287 ,0.9413694749
288 ,0.7376349839
289 ,0.9189504286
290 ,0.1043366391
291 ,0.1554808721
292 ,0.2335139281
293 ,0.5391161115
294 ,0.8297940183
295 ,0.0487166538
296 ,0.1798849982
297 ,0.0405178338
298 ,0.6373919659
299 ,0.8726653389
300 ,0.8641310113
301 ,0.8976772965
302 ,0.1211253138
303 ,0.7701025443
304 ,0.9142942661
305 ,0.9398425836
306 ,0.9162920688
307 ,0.1879459512
308 ,0.9217142134
309 ,0.5902544124
310 ,0.9197701831
311 ,0.9360537580
312 ,0.7024723021
313 ,0.7352110853
314 ,0.0589129053
315 ,0.8652025276
316 ,0.2828193470
317 ,0.9443818673
318 ,0.1420991276
319 ,0.1762891146
320 ,0.0616578696
321 ,0.1979757289
322 ,0.8270512538
323 ,0.9430408812
324 ,0.1639080386
325 ,0.1204957152
326 ,0.9159592184
327 ,0.9573102486
328 ,0.9412962275
329 ,0.2828856215
330 ,0.7568321001
331 ,0.6868193241
332 ,0.7834563349
333 ,0.4185989197
334 ,0.4001772888
335 ,0.8111176519
336 ,0.6976028587
337 ,0.9156637803
338 ,0.0666139427
339 ,0.0501727417
340 ,0.9347317625
341 ,0.9322377413
342 ,0.8816734977
343 ,0.0663389693
344 ,0.2250967253
345 ,0.8392559491
346 ,0.9160804193
347 ,0.1628481003
348 ,0.2723906362
349 ,0.1635196200
350 ,0.7324132708
351 ,0.2038143848
352 ,0.8344384873
353 ,0.8609221020
354 ,0.1360343960
355 ,0.8436894532
356 ,0.3871770134
357 ,0.7877700011
358 ,0.1934702514
359 ,0.0809469389
360 ,0.9101165086
361 ,0.5451151939
362 ,0.7700244041
363 ,0.9334304200
364 ,0.5835082753
365 ,0.9051994361
366 ,0.9293074670
367 ,0.6618861445
368 ,0.3604555202
369 ,0.0564332067
370 ,0.1451081330
371 ,0.7472753375
372 ,0.2302091052
373 ,0.5587366910
374 ,0.0727159236
375 ,0.8032196630
376 ,0.9462428784
377 ,0.6089190512
378 ,0.6955102083
379 ,0.9454944272
380 ,0.0798295167
381 ,0.9257312059
382 ,0.9414714231
383 ,0.9461556116
384 ,0.4226447181
385 ,0.9476101345
386 ,0.6968721558
387 ,0.0767710939
388 ,0.0757475570
389 ,0.0559981837
390 ,0.9183783600
391 ,0.7172556877
392 ,0.4171419898
393 ,0.7714444135
394 ,0.7801668531
395 ,0.9490283987
396 ,0.1046836050
397 ,0.3599748798
398 ,0.0984156525
399 ,0.7153606350
400 ,0.9187366674
401 ,0.9331796990
402 ,0.7797465334
403 ,0.0815419508
404 ,0.9452825626
405 ,0.6716585959
406 ,0.0988348524
407 ,0.9456390682
408 ,0.5497670803
409 ,0.1726509645
410 ,0.2824018388
411 ,0.8070476611
412 ,0.9294336743
413 ,0.9260008070
414 ,0.1717650681
415 ,0.8361209826
416 ,0.9322712734
417 ,0.3324591823
418 ,0.8488676831
419 ,0.3303993239
420 ,0.2547638705
421 ,0.1024125579
422 ,0.6252218961
423 ,0.8065079880
424 ,0.6400885898
425 ,0.9381695737
426 ,0.0869524363
427 ,0.8694401421
428 ,0.8137634982
429 ,0.8059442580
430 ,0.1887406354
431 ,0.7560033728
432 ,0.6920836680
433 ,0.4007105070
434 ,0.1207804902
435 ,0.3646052631
436 ,0.0620329524
437 ,0.3402916139
438 ,0.6872496591
439 ,0.0482554228
440 ,0.1154083172
441 ,0.7831356133
442 ,0.9104110220
443 ,0.9384779540
444 ,0.0631326202
445 ,0.9074290908
446 ,0.9255657530
447 ,0.2327829589
448 ,0.0640142563
449 ,0.0764931342
450 ,0.9260548832
451 ,0.7400736227
452 ,0.8579324999
453 ,0.2851347905
454 ,0.9177624081
455 ,0.7073359304
456 ,0.8036492464
457 ,0.3384569430
458 ,0.7911667137
459 ,0.0869578552
460 ,0.4746908694
461 ,0.2486163717
462 ,0.9195468569
463 ,0.7853814247
464 ,0.8980785474
465 ,0.8150946745
466 ,0.2533757779
467 ,0.1681194556
468 ,0.7015991481
469 ,0.6113002148
470 ,0.2494006745
471 ,0.0595716905
472 ,0.9580542706
473 ,0.1024905640
474 ,0.2790349026
475 ,0.4042711152
476 ,0.1919070446
477 ,0.8580911443
478 ,0.1697547090
479 ,0.2503107826
480 ,0.0881871256
481 ,0.1532312235
482 ,0.3150465213
483 ,0.5401112235
484 ,0.9365722055
485 ,0.1810577538
486 ,0.9086676853
487 ,0.2955166099
488 ,0.2508612628
489 ,0.6829967355
490 ,0.6216512205
491 ,0.0866726990
492 ,0.8209249373
493 ,0.8515980843
494 ,0.9428045988
495 ,0.3416274924
496 ,0.9063026981
497 ,0.2170559860
498 ,0.1819878958
499 ,0.2982795033
500 ,0.1136693312
501 ,0.9072004415
502 ,0.8294485371
503 ,0.6913752292
504 ,0.1067339325
505 ,0.8643037987
506 ,0.7623948701
507 ,0.3008219748
508 ,0.2131530332
509 ,0.4555945115
510 ,0.1468887781
511 ,0.9437208013
512 ,0.8226099289
513 ,0.2586691448
514 ,0.9293831641
515 ,0.9229816634
516 ,0.1343101267
517 ,0.6779489669
518 ,0.0491418639
519 ,0.3089988783
520 ,0.9363307591
521 ,0.7383950478
522 ,0.8927651819
523 ,0.9207537806
524 ,0.4372537678
525 ,0.6312315564
526 ,0.1618212488
527 ,0.8973573824
528 ,0.7366537877
529 ,0.0742063003
530 ,0.1516760136
531 ,0.8324184667
532 ,0.0895817105
533 ,0.8489678770
534 ,0.0715552847
535 ,0.3774029665
536 ,0.0523371959
537 ,0.9553859793
538 ,0.1079615584
539 ,0.9484447015
540 ,0.2380556693
541 ,0.1196522460
542 ,0.0927324870
543 ,0.5227910352
544 ,0.6872567108
545 ,0.8850824695
546 ,0.8623507992
547 ,0.8896237028
548 ,0.3819854141
549 ,0.9407254655
550 ,0.9077540321
551 ,0.6541351855
552 ,0.2242972300
553 ,0.1411099308
554 ,0.2276672936
555 ,0.0482785381
556 ,0.9226030011
557 ,0.2566810728
558 ,0.5784433665
559 ,0.6232227993
560 ,0.9198768568
561 ,0.9539218804
562 ,0.9439392775
563 ,0.5937263897
564 ,0.3954800965
565 ,0.3849332260
566 ,0.2160140484
567 ,0.2497618413
568 ,0.8930185925
569 ,0.8078003694
570 ,0.2040225060
571 ,0.6906020720
572 ,0.9096670466
573 ,0.0666904276
574 ,0.8827940239
575 ,0.1666081755
576 ,0.7522312375
577 ,0.9261047170
578 ,0.3435824592
579 ,0.8392784110
580 ,0.1344688432
581 ,0.6340071473
582 ,0.9573001468
583 ,0.0761430550
584 ,0.9043575432
585 ,0.7452465368
586 ,0.7051870892
587 ,0.9304089783
588 ,0.2093007349
589 ,0.1206172706
590 ,0.9425541478
591 ,0.8498379965
592 ,0.0467928160
593 ,0.9405497471
594 ,0.9512284437
595 ,0.8677663626
596 ,0.1407623343
597 ,0.1256339545
598 ,0.9361207550
599 ,0.9547778887
600 ,0.4417050976
601 ,0.2148085089
602 ,0.6652783220
603 ,0.9144119790
604 ,0.4813687276
605 ,0.8104478377
606 ,0.0929301895
607 ,0.8854884441
608 ,0.1601645327
609 ,0.0794345950
610 ,0.3927441070
611 ,0.5992014026
612 ,0.9488266534
613 ,0.1593768511
614 ,0.7628332031
615 ,0.9467314195
616 ,0.4399674134
617 ,0.5273271428
618 ,0.9129746758
619 ,0.0450756623
620 ,0.7005210387
621 ,0.6627895809
622 ,0.9343481417
623 ,0.2110341910
624 ,0.1113467875
625 ,0.0814433972
626 ,0.9436809398
627 ,0.1013614786
628 ,0.6435643939
629 ,0.1635875401
630 ,0.0668889253
631 ,0.1164423186
632 ,0.3006315549
633 ,0.8906614015
634 ,0.6947538823
635 ,0.9188965738
636 ,0.9220677041
637 ,0.9575928409
638 ,0.1012120772
639 ,0.8625111064
640 ,0.4961169424
641 ,0.2170887585
642 ,0.2322859416
643 ,0.1078732319
644 ,0.0616431444
645 ,0.0974894364
646 ,0.5024062346
647 ,0.0628105112
648 ,0.9169396843
649 ,0.6036813774
650 ,0.7892444723
651 ,0.9126524896
652 ,0.1082939226
653 ,0.1329252166
654 ,0.0883182920
655 ,0.1659568261
656 ,0.9472676276
657 ,0.7612614045
658 ,0.6314216587
659 ,0.7845281731
660 ,0.1128040942
661 ,0.1325918172
662 ,0.7311635875
663 ,0.1823208750
664 ,0.8912612981
665 ,0.8732059592
666 ,0.1460533785
667 ,0.2281373693
668 ,0.9016247935
669 ,0.4209081712
670 ,0.5485669672
671 ,0.1692667177
672 ,0.9211389550
673 ,0.6101259569
674 ,0.7950886991
675 ,0.9087334072
676 ,0.1476195969
677 ,0.2447742110
678 ,0.1609134096
679 ,0.5935824596
680 ,0.0467293286
681 ,0.2678061757
682 ,0.5272472518
683 ,0.1380038177
684 ,0.7622383656
685 ,0.8179583248
686 ,0.0997471420
687 ,0.1122931876
688 ,0.7655961146
689 ,0.0727940093
690 ,0.8383362976
691 ,0.8167972863
692 ,0.8206104983
693 ,0.7403324480
694 ,0.8728957617
695 ,0.1547284212
696 ,0.8680783579
697 ,0.8829538100
698 ,0.3375811407
699 ,0.9431738679
700 ,0.8927169422
701 ,0.2574770644
702 ,0.1796488168
703 ,0.8875333616
704 ,0.7184374748
705 ,0.8220808884
706 ,0.2956702160
707 ,0.5437087326
708 ,0.5049809506
709 ,0.9208690520
710 ,0.9036945145
711 ,0.0530939576
712 ,0.8631588693
713 ,0.3994872177
714 ,0.4018701247
715 ,0.8821395965
716 ,0.6001203498
717 ,0.4107709984
718 ,0.9389025998
719 ,0.9178513956
720 ,0.6720205718
721 ,0.9482406492
722 ,0.8688831140
723 ,0.9181068889
724 ,0.4724617343
725 ,0.4728660755
726 ,0.0482186295
727 ,0.2042628888
728 ,0.1476184884
729 ,0.0769761541
730 ,0.6532237751
731 ,0.7884316825
732 ,0.6515924841
733 ,0.9000885024
734 ,0.1446477557
735 ,0.1025215504
736 ,0.1558780133
737 ,0.0733235425
738 ,0.3173914360
739 ,0.9543850663
740 ,0.9267537919
741 ,0.8445214905
742 ,0.6733188267
743 ,0.1310572346
744 ,0.9259565358
745 ,0.5793931577
746 ,0.0714005550
747 ,0.2060016604
748 ,0.4829023881
749 ,0.8757569317
750 ,0.6034266446
751 ,0.1156099435
752 ,0.8902970224
753 ,0.8429511427
754 ,0.8124087273
755 ,0.7826344989
756 ,0.6756629550
757 ,0.8681916667
758 ,0.5947783479
759 ,0.9527185782
760 ,0.8724020760
761 ,0.8528311704
762 ,0.7512783029
763 ,0.9456491568
764 ,0.9244548411
765 ,0.8048427227
766 ,0.2804705444
767 ,0.3401239137
768 ,0.8684333018
769 ,0.6916663541
770 ,0.8425155769
771 ,0.0490876885
772 ,0.4211107977
773 ,0.1524013247
774 ,0.1393860134
775 ,0.9204454008
776 ,0.9519117896
777 ,0.2666361527
778 ,0.6026441346
779 ,0.1448412710
780 ,0.9349296671
781 ,0.8902600449
782 ,0.8551290433
783 ,0.0825079000
784 ,0.8973822120
785 ,0.0853736740
786 ,0.9410325679
787 ,0.7215370418
788 ,0.5326487727
789 ,0.1123471036
790 ,0.0603888318
791 ,0.1787276041
792 ,0.0533930053
793 ,0.2077288651
794 ,0.1033308607
795 ,0.7196337841
796 ,0.8702874112
797 ,0.8733375920
798 ,0.3273095616
799 ,0.7397758211
800 ,0.9530518753
801 ,0.1004656493
802 ,0.7704416367
803 ,0.7572638991
804 ,0.9460634462
805 ,0.9120211018
806 ,0.4674261948
807 ,0.3747434618
808 ,0.0783417162
809 ,0.1921488689
810 ,0.2430336316
811 ,0.8694080324
812 ,0.7461363002
813 ,0.7235542222
814 ,0.9520123196
815 ,0.1296728719
816 ,0.8414774655
817 ,0.0983771637
818 ,0.8910513040
819 ,0.6635482759
820 ,0.9310993146
821 ,0.0439519479
822 ,0.8526892770
823 ,0.0413257491
824 ,0.1480487414
825 ,0.6940155307
826 ,0.9444251004
827 ,0.5505633468
828 ,0.8546154792
829 ,0.8776383798
830 ,0.9443663195
831 ,0.8411526572
832 ,0.9396230367
833 ,0.1803472957
834 ,0.9339699656
835 ,0.1267361125
836 ,0.7232362939
837 ,0.9194343158
838 ,0.1330939686
839 ,0.7362004911
840 ,0.6329346485
841 ,0.7342910919
842 ,0.0616582141
843 ,0.0694349762
844 ,0.1729016390
845 ,0.9343709781
846 ,0.8001298624
847 ,0.8859731711
848 ,0.6430794638
849 ,0.1584436822
850 ,0.1948413278
851 ,0.8756037865
852 ,0.9522092538
853 ,0.9486148614
854 ,0.0788671155
855 ,0.8396509299
856 ,0.4622318990
857 ,0.6975853938
858 ,0.9235388135
859 ,0.1020477083
860 ,0.0794613513
861 ,0.8380647573
862 ,0.8465926137
863 ,0.7475533870
864 ,0.8585268785
865 ,0.1784635426
866 ,0.1458129275
867 ,0.9046012810
868 ,0.7545881802
869 ,0.8803414033
870 ,0.6381974474
871 ,0.3963034352
872 ,0.5910752460
873 ,0.8649968171
874 ,0.2708609650
875 ,0.8352723552
876 ,0.5316589052
877 ,0.3053773525
878 ,0.9099672865
879 ,0.9047122532
880 ,0.2370609967
881 ,0.7159943890
882 ,0.4933603025
883 ,0.9241748720
884 ,0.0797280079
885 ,0.0629590179
886 ,0.1049214026
887 ,0.5847814450
888 ,0.8724375741
889 ,0.1017361371
890 ,0.1275950721
891 ,0.3610577069
892 ,0.4313101200
893 ,0.9309318953
894 ,0.3685252389
895 ,0.8427470449
896 ,0.7833197155
897 ,0.8728155633
898 ,0.5691020513
899 ,0.0696946763
900 ,0.9204985256
901 ,0.0413473628
902 ,0.5015441760
903 ,0.1190081634
904 ,0.9541603524
905 ,0.9552622703
906 ,0.3713110833
907 ,0.1947699776
908 ,0.7180992160
909 ,0.9557964102
910 ,0.1716756633
911 ,0.3570670384
912 ,0.8065824802
913 ,0.9158773550
914 ,0.3836450908
915 ,0.8928434936
916 ,0.4593107734
917 ,0.1375814091
918 ,0.3130428474
919 ,0.6937859375
920 ,0.0673899019
921 ,0.2235014852
922 ,0.9210861668
923 ,0.0822719700
924 ,0.3918567531
925 ,0.9511176457
926 ,0.5101413734
927 ,0.1689488959
928 ,0.0634956412
929 ,0.0476533760
930 ,0.8909496571
931 ,0.0818903090
932 ,0.1255233847
933 ,0.0579171995
934 ,0.9076317308
935 ,0.7677210981
936 ,0.1051010137
937 ,0.9454455081
938 ,0.7102936156
939 ,0.9558543707
940 ,0.1656071277
941 ,0.8552737874
942 ,0.2187402050
943 ,0.0472277258
944 ,0.2420641650
945 ,0.4106619076
946 ,0.6085805858
947 ,0.1957946059
948 ,0.8367797723
949 ,0.0991730478
950 ,0.7152651390
951 ,0.9043314777
952 ,0.2221555108
953 ,0.1080287310
954 ,0.0626972118
955 ,0.0866374302
956 ,0.1191244290
957 ,0.8693377308
958 ,0.2258931672
959 ,0.0856198780
960 ,0.1725954736
961 ,0.4784575693
962 ,0.8500007470
963 ,0.6254388263
964 ,0.8336626992
965 ,0.0712003423
966 ,0.8201014559
967 ,0.2422584922
968 ,0.8557768757
969 ,0.2003422344
970 ,0.0762067228
971 ,0.1643715855
972 ,0.2147795610
973 ,0.9372371318
974 ,0.9052632711
975 ,0.8125537255
976 ,0.7577368218
977 ,0.9339157827
978 ,0.1294845879
979 ,0.9151640110
980 ,0.1740899887
981 ,0.1932002711
982 ,0.0729159846
983 ,0.8827751788
984 ,0.9250953431
985 ,0.4018352569
986 ,0.0705841504
987 ,0.8206084521
988 ,0.8776053802
989 ,0.1033360438
990 ,0.4834741773
991 ,0.8901739193
992 ,0.0988821808
993 ,0.8288116724
994 ,0.0931000453
995 ,0.1828472841
996 ,0.8658313055
997 ,0.3201463484
998 ,0.1257735227
999 ,0.8002816780
1000 ,0.5936644587
1001 ,0.0753982519
1002 ,0.7655456585
1003 ,0.9412784327
1004 ,0.5692795054
1005 ,0.8590704386
1006 ,0.1080241695
1007 ,0.6512732214
1008 ,0.9312820908
1009 ,0.6452945944
1010 ,0.1481509574
1011 ,0.7634691624
1012 ,0.1977792078
1013 ,0.2160050760
1014 ,0.2532614088
1015 ,0.1406462369
1016 ,0.8506987792
1017 ,0.2186422663
1018 ,0.8904892891
1019 ,0.8580291307
1020 ,0.1873006180
1021 ,0.5493911057
1022 ,0.8081825537
1023 ,0.8062180793
1024 ,0.7995667684
1025 ,0.7621844633
1026 ,0.3465799837
1027 ,0.1946674417
1028 ,0.5067462124
1029 ,0.9369695537
1030 ,0.9505508309
1031 ,0.6657244940
1032 ,0.4129388535
1033 ,0.8533636797
1034 ,0.1219572101
1035 ,0.8515411325
1036 ,0.4291928032
1037 ,0.6228209449
1038 ,0.7752285382
1039 ,0.3473571360
1040 ,0.2993509790
1041 ,0.2356747980
1042 ,0.9273148360
1043 ,0.9389838579
1044 ,0.2082081572
1045 ,0.3471160137
1046 ,0.9407134141
1047 ,0.9454922349
1048 ,0.6326071582
1049 ,0.1800368421
1050 ,0.9471694792
1051 ,0.1363197608
1052 ,0.3345883822
1053 ,0.9542164376
1054 ,0.8786818149
1055 ,0.8458705490
1056 ,0.9511419120
1057 ,0.0984289194
1058 ,0.9131574886
1059 ,0.1358995529
1060 ,0.4199220068
1061 ,0.1993941032
1062 ,0.1374009850
1063 ,0.9500425878
1064 ,0.1565819661
1065 ,0.5662716707
1066 ,0.5485359029
1067 ,0.5222364826
1068 ,0.8791167036
1069 ,0.2508200547
1070 ,0.2375205463
1071 ,0.4402552077
1072 ,0.8983445951
1073 ,0.9544875283
1074 ,0.9256856123
1075 ,0.7276338819
1076 ,0.8912305309
1077 ,0.9336360636
1078 ,0.2567090157
1079 ,0.8811197122
1080 ,0.9431742641
1081 ,0.4672699243
1082 ,0.3390572679
1083 ,0.5816620864
1084 ,0.8355441524
1085 ,0.0684464848
1086 ,0.3458811204
1087 ,0.0730781126
1088 ,0.9546154798
1089 ,0.9344918893
1090 ,0.1638576135
1091 ,0.8262122172
1092 ,0.9511768053
1093 ,0.9280638077
1094 ,0.9479985222
1095 ,0.9411206514
1096 ,0.6327984856
1097 ,0.8662426324
1098 ,0.3578025278
1099 ,0.1464132821
1100 ,0.9521791228
1101 ,0.0504888395
1102 ,0.7889235221
1103 ,0.9360761661
1104 ,0.2596357730
1105 ,0.1846486565
1106 ,0.8972409669
1107 ,0.2864974047
1108 ,0.1951485172
1109 ,0.0640827998
1110 ,0.8237027027
1111 ,0.0886072313
1112 ,0.9332077797
1113 ,0.8796703272
1114 ,0.0806180647
1115 ,0.8128697433
1116 ,0.0695238620
1117 ,0.8766572024
1118 ,0.0815551206
1119 ,0.0980816785
1120 ,0.1176961109
1121 ,0.7886632419
1122 ,0.3315157250
1123 ,0.6973915251
1124 ,0.2444597166
1125 ,0.1047123713
1126 ,0.9433197924
1127 ,0.0901527454
1128 ,0.7480698672
1129 ,0.2076861985
1130 ,0.0868715153
1131 ,0.1134861407
1132 ,0.5447969285
1133 ,0.9331405134
1134 ,0.8727531288
1135 ,0.2301794591
1136 ,0.0794654893
1137 ,0.7566927575
1138 ,0.5283205439
1139 ,0.7821958378
1140 ,0.3782000841
1141 ,0.4073698867
1142 ,0.3995073158
1143 ,0.2305933207
1144 ,0.6173484096
1145 ,0.4728897177
1146 ,0.9511431410
1147 ,0.9173605612
1148 ,0.1153703351
1149 ,0.8589521215
1150 ,0.9547076482
1151 ,0.7424862488
1152 ,0.5431777400
1153 ,0.1617019906
1154 ,0.8466519658
1155 ,0.9228434781
1156 ,0.7514595540
1157 ,0.0580014630
1158 ,0.1789199907
1159 ,0.0437258827
1160 ,0.9069695503
1161 ,0.3758806217
1162 ,0.7713021288
1163 ,0.9174011060
1164 ,0.1091791418
1165 ,0.7824210546
1166 ,0.1829750322
1167 ,0.9273171180
1168 ,0.0641566357
1169 ,0.9408623747
1170 ,0.0781363213
1171 ,0.9304863166
1172 ,0.7199133256
1173 ,0.1474176937
1174 ,0.7665709362
1175 ,0.9354059572
1176 ,0.0645446458
1177 ,0.7052128484
1178 ,0.7912905883
1179 ,0.3068124541
1180 ,0.0978511620
1181 ,0.9305148422
1182 ,0.9043514654
1183 ,0.9143727532
1184 ,0.0890636058
1185 ,0.8700005522
1186 ,0.2918725246
1187 ,0.2503637896
1188 ,0.0929222808
1189 ,0.9496866341
1190 ,0.2564946341
1191 ,0.1134738777
1192 ,0.6187634553
1193 ,0.9426031627
1194 ,0.1893492695
1195 ,0.8195060978
1196 ,0.0498853509
1197 ,0.9460721232
1198 ,0.9425146851
1199 ,0.9549830486
1200 ,0.3367538104
1201 ,0.9427065683
1202 ,0.6100125067
1203 ,0.9338518530
1204 ,0.4036428716
1205 ,0.2619240043
1206 ,0.9359462841
1207 ,0.3022216661
1208 ,0.8792115493
1209 ,0.0948455766
1210 ,0.9453124512
1211 ,0.0716828572
1212 ,0.8405709767
1213 ,0.0959184380
1214 ,0.5634565367
1215 ,0.7359655412
1216 ,0.8005404711
1217 ,0.2328183581
1218 ,0.8476305944
1219 ,0.6080519130
1220 ,0.3982602382
1221 ,0.7509767954
1222 ,0.9521776965
1223 ,0.5296097922
1224 ,0.5850744260
1225 ,0.7997732800
1226 ,0.1540055491
1227 ,0.9425363348
1228 ,0.8554221112
1229 ,0.9459972408
1230 ,0.6683194728
1231 ,0.8974251644
1232 ,0.8418553048
1233 ,0.9282911355
1234 ,0.1849763170
1235 ,0.3658304687
1236 ,0.6585185864
1237 ,0.1779451695
1238 ,0.8479734703
1239 ,0.6783430846
1240 ,0.1374299447
1241 ,0.9314548276
1242 ,0.1217969439
1243 ,0.0763409041
1244 ,0.0489634945
1245 ,0.6856545698
1246 ,0.1380842848
1247 ,0.0566053914
1248 ,0.0990197495
1249 ,0.9311248706
1250 ,0.7373262722
1251 ,0.1231641123
1252 ,0.3729013888
1253 ,0.6988042974
1254 ,0.2263838136
1255 ,0.6304621375
1256 ,0.1653055314
1257 ,0.8062357770
1258 ,0.8027565102
1259 ,0.8792663342
1260 ,0.9253333467
1261 ,0.9254696675
1262 ,0.9500937892
1263 ,0.4853977368
1264 ,0.5749453113
1265 ,0.9419404815
1266 ,0.9060473654
1267 ,0.9176068026
1268 ,0.7559224776
1269 ,0.0929300889
1270 ,0.2405288959
1271 ,0.1257234225
1272 ,0.9344039791
1273 ,0.8587070210
1274 ,0.8459700250
1275 ,0.8559935280
1276 ,0.2992199124
1277 ,0.9463835939
1278 ,0.9371932159
1279 ,0.9015585240
1280 ,0.8160385544
1281 ,0.9270165877
1282 ,0.9028529774
1283 ,0.7357541981
1284 ,0.0922028486
1285 ,0.6317513450
1286 ,0.7539963832
1287 ,0.3793833797
1288 ,0.2774371982
1289 ,0.7277214133
1290 ,0.9437447534
1291 ,0.9436734765
1292 ,0.3276202632
1293 ,0.0606668981
1294 ,0.8655149237
1295 ,0.7952002093
1296 ,0.1515455310
1297 ,0.0479984253
1298 ,0.7458499965
1299 ,0.9460477268
1300 ,0.1390078227
1301 ,0.1902604809
1302 ,0.0582823793
1303 ,0.9135767448
1304 ,0.6357319535
1305 ,0.1642272282
1306 ,0.8680783554
1307 ,0.9251005800
1308 ,0.7838613885
1309 ,0.8153429684
1310 ,0.8927100307
1311 ,0.7137522084
1312 ,0.9083939071
1313 ,0.3373368094
1314 ,0.8527673751
1315 ,0.3141811120
1316 ,0.8648103416
1317 ,0.4212038830
1318 ,0.0928614433
1319 ,0.0592397648
1320 ,0.1363697285
1321 ,0.7996924626
1322 ,0.1991650806
1323 ,0.0761901010
1324 ,0.8904252421
1325 ,0.4880239670
1326 ,0.9196264217
1327 ,0.4776381362
1328 ,0.0587371526
1329 ,0.2341324937
1330 ,0.8910523468
1331 ,0.4498008839
1332 ,0.5610176118
1333 ,0.9462876173
1334 ,0.4401250268
1335 ,0.8497189599
1336 ,0.6846075804
1337 ,0.1666839168
1338 ,0.1635646815
1339 ,0.7937756087
1340 ,0.1206188060
1341 ,0.9371990027
1342 ,0.9547499745
1343 ,0.9155337293
1344 ,0.8829351744
1345 ,0.9242123277
1346 ,0.9531952969
1347 ,0.2099956716
1348 ,0.9527232192
1349 ,0.9111409128
1350 ,0.9362054220
1351 ,0.9420881028
1352 ,0.1989263614
1353 ,0.7497814921
1354 ,0.9457349121
1355 ,0.9041073555
1356 ,0.1149031674
1357 ,0.6589136571
1358 ,0.1296922274
1359 ,0.1451469690
1360 ,0.8510869889
1361 ,0.9536624638
1362 ,0.5831254893
1363 ,0.5679638796
1364 ,0.8626840792
1365 ,0.9413324859
1366 ,0.8571973688
1367 ,0.9414006057
1368 ,0.7300052687
1369 ,0.9516560585
1370 ,0.6631105333
1371 ,0.8788225997
1372 ,0.7996259945
1373 ,0.9561201919
1374 ,0.0409939479
1375 ,0.4149379894
1376 ,0.2188447986
1377 ,0.9491916415
1378 ,0.6497870726
1379 ,0.1093028112
1380 ,0.2044810866
1381 ,0.8998985446
1382 ,0.5682114553
1383 ,0.8827369757
1384 ,0.5759060029
1385 ,0.0740751015
1386 ,0.7406427524
1387 ,0.9271098477
1388 ,0.7822489410
1389 ,0.0803697936
1390 ,0.8365235526
1391 ,0.7808171672
1392 ,0.5084023964
1393 ,0.9303978433
1394 ,0.9232703785
1395 ,0.6958726543
1396 ,0.1618100676
1397 ,0.1652046349
1398 ,0.0713641153
1399 ,0.2421667736
1400 ,0.5199865600
1401 ,0.7022674450
1402 ,0.9226598107
1403 ,0.9031162242
1404 ,0.1035558665
1405 ,0.0706994169
1406 ,0.8661432964
1407 ,0.0519961065
1408 ,0.9281927277
1409 ,0.8958690375
1410 ,0.5432977162
1411 ,0.1926619960
1412 ,0.1853213101
1413 ,0.7074111193
1414 ,0.8721025299
1415 ,0.6535814214
1416 ,0.1395429937
1417 ,0.2367004318
1418 ,0.8148220322
1419 ,0.2861714889
1420 ,0.9022103286
1421 ,0.0740881299
1422 ,0.9000719470
1423 ,0.9130787378
1424 ,0.2022882281
1425 ,0.3864004915
1426 ,0.5318542051
1427 ,0.0615605596
1428 ,0.0714791805
1429 ,0.1374287417
1430 ,0.8326598429
1431 ,0.7026855401
1432 ,0.5300734195
1433 ,0.0589819057
1434 ,0.2081541843
1435 ,0.5087139309
1436 ,0.2033047484
1437 ,0.1149762347
1438 ,0.9536314701
1439 ,0.0705428794
1440 ,0.9278819357
1441 ,0.9006912071
1442 ,0.1964377197
1443 ,0.3109371587
1444 ,0.1476056091
1445 ,0.1281184431
1446 ,0.2285880691
1447 ,0.0652697724
1448 ,0.2110341944
1449 ,0.8728325670
1450 ,0.7787890144
1451 ,0.8468275237
1452 ,0.4204499544
1453 ,0.3248257012
1454 ,0.3799357543
1455 ,0.5409927465
1456 ,0.8389565168
1457 ,0.8989016983
1458 ,0.5004774001
1459 ,0.5206752100
1460 ,0.4999198479
1461 ,0.2647736862
1462 ,0.8928731719
1463 ,0.5960369202
1464 ,0.8608436289
1465 ,0.9453661652
1466 ,0.2180014720
1467 ,0.9303339784
1468 ,0.1453776733
1469 ,0.5248456806
1470 ,0.9484129366
1471 ,0.8568557419
1472 ,0.3125010098
1473 ,0.8225100034
1474 ,0.0902704405
1475 ,0.1306363206
1476 ,0.1775297100
1477 ,0.9351681591
1478 ,0.1569313179
1479 ,0.3782547575
1480 ,0.9118727309
1481 ,0.0469608948
1482 ,0.1444856974
1483 ,0.8795327681
1484 ,0.7895828017
1485 ,0.2249714392
1486 ,0.0521940699
1487 ,0.1704326125
1488 ,0.1217572136
1489 ,0.1603810243
1490 ,0.8696302985
1491 ,0.8965515575
1492 ,0.1289025926
1493 ,0.8603108880
1494 ,0.2450790172
1495 ,0.7817278104
1496 ,0.9500492123
1497 ,0.2437036682
1498 ,0.9331090101
1499 ,0.1016455533
1500 ,0.8845549998
1501 ,0.1168116645
1502 ,0.2841382860
1503 ,0.6388215806
1504 ,0.5274711865
1505 ,0.6975654873
1506 ,0.0501006711
1507 ,0.1405515629
1508 ,0.9133133629
1509 ,0.8337455633
1510 ,0.6132227935
1511 ,0.9190504401
1512 ,0.7513832804
1513 ,0.9401196396
1514 ,0.7282655250
1515 ,0.0493863182
1516 ,0.0559649487
1517 ,0.0610737590
1518 ,0.7814115357
1519 ,0.3904439962
1520 ,0.0908889662
1521 ,0.1511812871
1522 ,0.9384437926
1523 ,0.1553073553
1524 ,0.0505631071
1525 ,0.9266816348
1526 ,0.0407430391
1527 ,0.3752351551
1528 ,0.7628403474
1529 ,0.9509827320
1530 ,0.3632366680
1531 ,0.3906284747
1532 ,0.8324851065
1533 ,0.8270280273
1534 ,0.1657910478
1535 ,0.8806978183
1536 ,0.5085717715
1537 ,0.1114930973
1538 ,0.1636817736
1539 ,0.9159604085
1540 ,0.9457997881
1541 ,0.5858747530
1542 ,0.9026395395
1543 ,0.0480658356
1544 ,0.8739774539
1545 ,0.8319344213
1546 ,0.9008087691
1547 ,0.7277699675
1548 ,0.9211536442
1549 ,0.7905245066
1550 ,0.3821183463
1551 ,0.9181550766
1552 ,0.8660602642
1553 ,0.8489179290
1554 ,0.9020104744
1555 ,0.8949645837
1556 ,0.9133425548
1557 ,0.4927254135
1558 ,0.8781613678
1559 ,0.8370949542
1560 ,0.9488779855
1561 ,0.4966704152
1562 ,0.1775560629
1563 ,0.0675293611
1564 ,0.3787982669
1565 ,0.6273469328
1566 ,0.3483279723
1567 ,0.8651389789
1568 ,0.2015785305
1569 ,0.9189520888
1570 ,0.8286331946
1571 ,0.9522342730
1572 ,0.6719644226
1573 ,0.9380831086
1574 ,0.3851051363
1575 ,0.0789167019
1576 ,0.8082334013
1577 ,0.9266366154
1578 ,0.8924678566
1579 ,0.8620676137
1580 ,0.8401542239
1581 ,0.8810169130
1582 ,0.3687211499
1583 ,0.9075098874
1584 ,0.9542825905
1585 ,0.7229536545
1586 ,0.1546809511
1587 ,0.9421574592
1588 ,0.8736031450
1589 ,0.2278256639
1590 ,0.0609441697
1591 ,0.0585152307
1592 ,0.8379067024
1593 ,0.9493193849
1594 ,0.1362745083
1595 ,0.7726794562
1596 ,0.8715796271
1597 ,0.6893146889
1598 ,0.9067844913
1599 ,0.7791450459
1600 ,0.3083134141
1601 ,0.9256420038
1602 ,0.2579190668
1603 ,0.0740609657
1604 ,0.8490995643
1605 ,0.0754994252
1606 ,0.1752714811
1607 ,0.9035722906
1608 ,0.1002632720
1609 ,0.8541278920
1610 ,0.9166715168
1611 ,0.8756381098
1612 ,0.8629660809
1613 ,0.9401717216
1614 ,0.1577339655
1615 ,0.7091989626
1616 ,0.2907942756
1617 ,0.1133325524
1618 ,0.6897892159
1619 ,0.9414383908
1620 ,0.9528169028
1621 ,0.1218693658
1622 ,0.7709488591
1623 ,0.6909808604
1624 ,0.9399453792
1625 ,0.9083568831
1626 ,0.1119549387
1627 ,0.0558316086
1628 ,0.2079700470
1629 ,0.6311328184
1630 ,0.0748338576
1631 ,0.6599378039
1632 ,0.6815808194
1633 ,0.8895529688
1634 ,0.2511583424
1635 ,0.2369059349
1636 ,0.2041557401
1637 ,0.8412445610
1638 ,0.8710563896
1639 ,0.1524901472
1640 ,0.8008219104
1641 ,0.2947589830
1642 ,0.9098162363
1643 ,0.8186285496
1644 ,0.1262247513
1645 ,0.9564724689
1646 ,0.3037843371
1647 ,0.9054240467
1648 ,0.8858384789
1649 ,0.5632568726
1650 ,0.2782091366
1651 ,0.9137230314
1652 ,0.9370406615
1653 ,0.4041144209
1654 ,0.6055456677
1655 ,0.1143702627
1656 ,0.8013737765
1657 ,0.7055570207
1658 ,0.9457429996
1659 ,0.2521555522
1660 ,0.9280415722
1661 ,0.1056518478
1662 ,0.2263551885
1663 ,0.1495566350
1664 ,0.8437229274
1665 ,0.6492924748
1666 ,0.4065825161
1667 ,0.8806973742
1668 ,0.3328835099
1669 ,0.9406254923
1670 ,0.7561960253
1671 ,0.2090917900
1672 ,0.9471091928
1673 ,0.1935868662
1674 ,0.1512171748
1675 ,0.7893686792
1676 ,0.8711207956
1677 ,0.0672547920
1678 ,0.8909348725
1679 ,0.5240349819
1680 ,0.6783138057
1681 ,0.8937847335
1682 ,0.2494697999
1683 ,0.9411801995
1684 ,0.7664218221
1685 ,0.9304576259
1686 ,0.2012132623
1687 ,0.8964298128
1688 ,0.4752035862
1689 ,0.3695861753
1690 ,0.8724620806
1691 ,0.6454612892
1692 ,0.1174979222
1693 ,0.1941079253
1694 ,0.5030451942
1695 ,0.6947501063
1696 ,0.0968088731
1697 ,0.9351685149
1698 ,0.0686978555
1699 ,0.0478214596
1700 ,0.1342905587
1701 ,0.8330005030
1702 ,0.9341624541
1703 ,0.1362310316
1704 ,0.8262472651
1705 ,0.1470043665
1706 ,0.2214425449
1707 ,0.7692863230
1708 ,0.0587510568
1709 ,0.8311651513
1710 ,0.1576315214
1711 ,0.2076029016
1712 ,0.4459744856
1713 ,0.0587265253
1714 ,0.1406157081
1715 ,0.1932039249
1716 ,0.0643898430
1717 ,0.4183055363
1718 ,0.9456168718
1719 ,0.9536899830
1720 ,0.4888243335
1721 ,0.0785566541
1722 ,0.1006502474
1723 ,0.5645607075
1724 ,0.3724212078
1725 ,0.2221273945
1726 ,0.9099098172
1727 ,0.9540791714
1728 ,0.5824679901
1729 ,0.9395867315
1730 ,0.7807491411
1731 ,0.3877445510
1732 ,0.1696929140
1733 ,0.9232176638
1734 ,0.8809090247
1735 ,0.7718863855
1736 ,0.9530461015
1737 ,0.1086895939
1738 ,0.9131393628
1739 ,0.8991013323
1740 ,0.9534794695
1741 ,0.8309330591
1742 ,0.8299753322
1743 ,0.8258186581
1744 ,0.3454104137
1745 ,0.1201341711
1746 ,0.2546178185
1747 ,0.0578146061
1748 ,0.9260961455
1749 ,0.9362156911
1750 ,0.1446393953
1751 ,0.8898829344
1752 ,0.8969645373
1753 ,0.1738109972
1754 ,0.1938299362
1755 ,0.1076517220
1756 ,0.9429383191
1757 ,0.3336081615
1758 ,0.0977325195
1759 ,0.7903843924
1760 ,0.8982093258
1761 ,0.8839743887
1762 ,0.9428580369
1763 ,0.1490185347
1764 ,0.4197367431
1765 ,0.9141923987
1766 ,0.9196592656
1767 ,0.7225497216
1768 ,0.6647533277
1769 ,0.9476972363
1770 ,0.7525162032
1771 ,0.8359953340
1772 ,0.9471880816
1773 ,0.9035038936
1774 ,0.5500333688
1775 ,0.2146168413
1776 ,0.9202954294
1777 ,0.0611667318
1778 ,0.8750335367
1779 ,0.0672622451
1780 ,0.3914859883
1781 ,0.8265045087
1782 ,0.8380907767
1783 ,0.1576746093
1784 ,0.7815861862
1785 ,0.3898478037
1786 ,0.0441934183
1787 ,0.6707724578
1788 ,0.4451246482
1789 ,0.2126611616
1790 ,0.2923276504
1791 ,0.2484156377
1792 ,0.8134660255
1793 ,0.9344244677
1794 ,0.1475921477
1795 ,0.0777154215
1796 ,0.8758600721
1797 ,0.3632586199
1798 ,0.4608324488
1799 ,0.8080408788
1800 ,0.1594809187
1801 ,0.9459242611
1802 ,0.2164643482
1803 ,0.1156970257
1804 ,0.2634392606
1805 ,0.9194791000
1806 ,0.6828077635
1807 ,0.7841272696
1808 ,0.1137820902
1809 ,0.7911187818
1810 ,0.9202980905
1811 ,0.9293999058
1812 ,0.3207376497
1813 ,0.8115339490
1814 ,0.6858059275
1815 ,0.9348877476
1816 ,0.3240565612
1817 ,0.9050151213
1818 ,0.1902233401
1819 ,0.5645804843
1820 ,0.2787861652
1821 ,0.2772064993
1822 ,0.2454551198
1823 ,0.9393227004
1824 ,0.9359439575
1825 ,0.9501570449
1826 ,0.8876260931
1827 ,0.6423591592
1828 ,0.9323570075
1829 ,0.8060032295
1830 ,0.9413224309
1831 ,0.3257952090
1832 ,0.1197786678
1833 ,0.4473449809
1834 ,0.8342623360
1835 ,0.7825871839
1836 ,0.5928538554
1837 ,0.2460118151
1838 ,0.0996536826
1839 ,0.9408517605
1840 ,0.6824369537
1841 ,0.0957603659
1842 ,0.8936459437
1843 ,0.8193587224
1844 ,0.2192349091
1845 ,0.8568991176
1846 ,0.1542133613
1847 ,0.8799077058
1848 ,0.5823107428
1849 ,0.2504665134
1850 ,0.5857078850
1851 ,0.9448454434
1852 ,0.1103977118
1853 ,0.8119637603
1854 ,0.9393286409
1855 ,0.8217567943
1856 ,0.9395825976
1857 ,0.1839765747
1858 ,0.1173929380
1859 ,0.3054560222
1860 ,0.9379657948
1861 ,0.6575634439
1862 ,0.1147718775
1863 ,0.7694818253
1864 ,0.9518060180
1865 ,0.5820890135
1866 ,0.8986001769
1867 ,0.9124718968
1868 ,0.8904657853
1869 ,0.9212810264
1870 ,0.4664405300
1871 ,0.9240994399
1872 ,0.9418015139
1873 ,0.4677834008
1874 ,0.1250208887
1875 ,0.2111199096
1876 ,0.8193646484
1877 ,0.0484401101
1878 ,0.1763125393
1879 ,0.7606989237
1880 ,0.9003710006
1881 ,0.3456671467
1882 ,0.1484028627
1883 ,0.6115256044
1884 ,0.1152113917
1885 ,0.9359942183
1886 ,0.1891581913
1887 ,0.8599868156
1888 ,0.9508753044
1889 ,0.9464063821
1890 ,0.0823884902
1891 ,0.8448376951
1892 ,0.3575826760
1893 ,0.8423707308
1894 ,0.3604175644
1895 ,0.5819638881
1896 ,0.8838914783
1897 ,0.9471285392
1898 ,0.6432980240
1899 ,0.9077736130
1900 ,0.1372200394
1901 ,0.9229528355
1902 ,0.8744925103
1903 ,0.3892549517
1904 ,0.0603316400
1905 ,0.1575666372
1906 ,0.0791996589
1907 ,0.6565682744
1908 ,0.1255739089
1909 ,0.9089088404
1910 ,0.2408203992
1911 ,0.1675712515
1912 ,0.8555821008
1913 ,0.0532605739
1914 ,0.9082213045
1915 ,0.8760150753
1916 ,0.1945324654
1917 ,0.1419502206
1918 ,0.1665321481
1919 ,0.6866745312
1920 ,0.5306208926
1921 ,0.9343480307
1922 ,0.5625711745
1923 ,0.1070038789
1924 ,0.2137739078
1925 ,0.9057375182
1926 ,0.3355967782
1927 ,0.1899306554
1928 ,0.8848901464
1929 ,0.8705122704
1930 ,0.0700138609
1931 ,0.1041643156
1932 ,0.1100792604
1933 ,0.1603655922
1934 ,0.9327908953
1935 ,0.0679309850
1936 ,0.1118969987
1937 ,0.1494818576
1938 ,0.9464689497
1939 ,0.5988395514
1940 ,0.7010711065
1941 ,0.9326680076
1942 ,0.9519971241
1943 ,0.8422705995
1944 ,0.2990949463
1945 ,0.1029341366
1946 ,0.1943564583
1947 ,0.4209120327
1948 ,0.7199758544
1949 ,0.1372860048
1950 ,0.6938842044
1951 ,0.9063080694
1952 ,0.0983014985
1953 ,0.9509240102
1954 ,0.2034125845
1955 ,0.8966195723
1956 ,0.2091703579
1957 ,0.1807114928
1958 ,0.0885799680
1959 ,0.7982825716
1960 ,0.7926514731
1961 ,0.1016879420
1962 ,0.1050353931
1963 ,0.1961752239
1964 ,0.7349881863
1965 ,0.3085359898
1966 ,0.1671882709
1967 ,0.9097853576
1968 ,0.1885001847
1969 ,0.8792131027
1970 ,0.1916001745
1971 ,0.7002938350
1972 ,0.9299163630
1973 ,0.9442811643
1974 ,0.5871832651
1975 ,0.8955269435
1976 ,0.8629148400
1977 ,0.1254790081
1978 ,0.8908479240
1979 ,0.0533195663
1980 ,0.8753368394
1981 ,0.8988373873
1982 ,0.1031358250
1983 ,0.3327326795
1984 ,0.1072454536
1985 ,0.1473812077
1986 ,0.9544024743
1987 ,0.3776814821
1988 ,0.5988361976
1989 ,0.9564373958
1990 ,0.7549805100
1991 ,0.2426980719
1992 ,0.8967072670
1993 ,0.7853116903
1994 ,0.1170610244
1995 ,0.1877923260
1996 ,0.9308865240
1997 ,0.9310646128
1998 ,0.9538220469
1999 ,0.4753997481
2000 ,0.5935087679
2001 ,0.3173476951
2002 ,0.9535505412
2003 ,0.3321040894
2004 ,0.9262084027
2005 ,0.8250768676
2006 ,0.2457920649
2007 ,0.0733241345
2008 ,0.9491419812
2009 ,0.0921933753
2010 ,0.1487942439
2011 ,0.1988077234
2012 ,0.7176056508
2013 ,0.7365570419
2014 ,0.8067380464
2015 ,0.9275592228
2016 ,0.8982887206
2017 ,0.2100590177
2018 ,0.3094643083
2019 ,0.8373428813
2020 ,0.8698086150
2021 ,0.1520879772
2022 ,0.8948767331
2023 ,0.6569964074
2024 ,0.2934160250
2025 ,0.2673040656
2026 ,0.1337858702
2027 ,0.0802549646
2028 ,0.2203500308
2029 ,0.1354715019
2030 ,0.9100107456
2031 ,0.4101940911
2032 ,0.8948429334
2033 ,0.3517863328
2034 ,0.1023070398
2035 ,0.8161886429
2036 ,0.9225732374
2037 ,0.0969563792
2038 ,0.3777212444
2039 ,0.8052767652
2040 ,0.7899913657
2041 ,0.5803045996
2042 ,0.4302087840
2043 ,0.3166019982
2044 ,0.1457693865
2045 ,0.2590924770
2046 ,0.5015531650
2047 ,0.9480351588
2048 ,0.9335809688
2049 ,0.1443191882
2050 ,0.1059058259
2051 ,0.2217164848
2052 ,0.9348015474
2053 ,0.7947079912
2054 ,0.3607697682
2055 ,0.7744914512
2056 ,0.6626938218
2057 ,0.9039821607
2058 ,0.8171180501
2059 ,0.4215170867
2060 ,0.2906537642
2061 ,0.6068194488
2062 ,0.9445340050
2063 ,0.7566244801
2064 ,0.0655429747
2065 ,0.0975797376
2066 ,0.4386776527
2067 ,0.6820252437
2068 ,0.7841240183
2069 ,0.7782403728
2070 ,0.9452510862
2071 ,0.1066191696
2072 ,0.2309139879
2073 ,0.8143599471
2074 ,0.9529000273
2075 ,0.0934650404
2076 ,0.9255916887
2077 ,0.1432190829
2078 ,0.9102981354
2079 ,0.9305047333
2080 ,0.8617670975
2081 ,0.9466637479
2082 ,0.4020547504
2083 ,0.5689874201
2084 ,0.9406500621
2085 ,0.1869563672
2086 ,0.1572922554
2087 ,0.1053409517
2088 ,0.2582206107
2089 ,0.5101289663
2090 ,0.1334970751
2091 ,0.1662016606
2092 ,0.7863518319
2093 ,0.2110226149
2094 ,0.7832739057
2095 ,0.5597127337
2096 ,0.5795393373
2097 ,0.9382971333
2098 ,0.9270805946
2099 ,0.9133893160
2100 ,0.8928849429
2101 ,0.5629933857
2102 ,0.1094897466
2103 ,0.6745442632
2104 ,0.7124855950
2105 ,0.8940118771
2106 ,0.1035024451
2107 ,0.8375772104
2108 ,0.9420753681
2109 ,0.8368392607
2110 ,0.5698325311
2111 ,0.6814371469
2112 ,0.1416840136
2113 ,0.8567396723
2114 ,0.1689635259
2115 ,0.1598262482
2116 ,0.1560557774
2117 ,0.8417064263
2118 ,0.1125489002
2119 ,0.1804057826
2120 ,0.9154409899
2121 ,0.9293953231
2122 ,0.8780503919
2123 ,0.5552239943
2124 ,0.1352366067
2125 ,0.9282219176
2126 ,0.0967725842
2127 ,0.9319334143
2128 ,0.5769033376
2129 ,0.9445186011
2130 ,0.1293108444
2131 ,0.8478870395
2132 ,0.1992088092
2133 ,0.2060265643
2134 ,0.8652950386
2135 ,0.6891215305
2136 ,0.1416901568
2137 ,0.7722143171
2138 ,0.9348371801
2139 ,0.8730651010
2140 ,0.0939517389
2141 ,0.1738675163
2142 ,0.5468478679
2143 ,0.3327117051
2144 ,0.1229802106
2145 ,0.2850733913
2146 ,0.9498168912
2147 ,0.9234426962
2148 ,0.6542334443
2149 ,0.2466596344
2150 ,0.4813559261
2151 ,0.1910196111
2152 ,0.1736387940
2153 ,0.1983987725
2154 ,0.8035372021
2155 ,0.8458441423
2156 ,0.0529882924
2157 ,0.1408915301
2158 ,0.5466886464
2159 ,0.7267276934
2160 ,0.9406901694
2161 ,0.9205298056
2162 ,0.9186896272
2163 ,0.8715829003
2164 ,0.9237197656
2165 ,0.6372596879
2166 ,0.7898179394
2167 ,0.9104439365
2168 ,0.0887240906
2169 ,0.0543087768
2170 ,0.8090911225
2171 ,0.5810899564
2172 ,0.9201639453
2173 ,0.1083647693
2174 ,0.0462851361
2175 ,0.0474375893
2176 ,0.8582597884
2177 ,0.1858101082
2178 ,0.2191858424
2179 ,0.6702220698
2180 ,0.9193911684
2181 ,0.8517588957
2182 ,0.2623455300
2183 ,0.6826938058
2184 ,0.1087372637
2185 ,0.2686228200
2186 ,0.1287898203
2187 ,0.0755572582
2188 ,0.9498299663
2189 ,0.1318968210
2190 ,0.4512171157
2191 ,0.1477340729
2192 ,0.3373348878
2193 ,0.8310394720
2194 ,0.2851266076
2195 ,0.1070367293
2196 ,0.3206238952
2197 ,0.1662287495
2198 ,0.1213656026
2199 ,0.9210471229
2200 ,0.8217711338
2201 ,0.9171892008
2202 ,0.9190226875
2203 ,0.1393089594
2204 ,0.6869040935
2205 ,0.0898777267
2206 ,0.3393903742
2207 ,0.5627778591
2208 ,0.9514644871
2209 ,0.1048818923
2210 ,0.1092498469
2211 ,0.8611989996
2212 ,0.7038740726
2213 ,0.9151721272
2214 ,0.6140841565
2215 ,0.9372635735
2216 ,0.5174889599
2217 ,0.9010498047
2218 ,0.2598884976
2219 ,0.8569304580
2220 ,0.9493093239
2221 ,0.1645180976
2222 ,0.8395121947
2223 ,0.9289725738
2224 ,0.0901985359
2225 ,0.0866632610
2226 ,0.4518862475
2227 ,0.4637441019
2228 ,0.8517176337
2229 ,0.0741918086
2230 ,0.8480343138
2231 ,0.6878619151
2232 ,0.0458388309
2233 ,0.9439864408
2234 ,0.1371618368
2235 ,0.0541653836
2236 ,0.0589104416
2237 ,0.0822755695
2238 ,0.3979382103
2239 ,0.9412430176
2240 ,0.2329325031
2241 ,0.9271215019
2242 ,0.9491886944
2243 ,0.3607420614
2244 ,0.9558086827
2245 ,0.9093420176
2246 ,0.2499566356
2247 ,0.5296092499
2248 ,0.7294526393
2249 ,0.8005756650
2250 ,0.5862777274
2251 ,0.2045352145
2252 ,0.0634651003
2253 ,0.2247657517
2254 ,0.8546288936
2255 ,0.7443543526
2256 ,0.5625859212
2257 ,0.0723335682
2258 ,0.8044902491
2259 ,0.6706436128
2260 ,0.8254365208
2261 ,0.9271518868
2262 ,0.0851169325
2263 ,0.1423113957
2264 ,0.2556367978
2265 ,0.9288377011
2266 ,0.9502959045
2267 ,0.5800873779
2268 ,0.7627559119
2269 ,0.0646253928
2270 ,0.3055387854
2271 ,0.9343331361
2272 ,0.3330101884
2273 ,0.6134600111
2274 ,0.4012185305
2275 ,0.7484932318
2276 ,0.9215771519
2277 ,0.0838037582
2278 ,0.7641727816
2279 ,0.3212080858
2280 ,0.0732158002
2281 ,0.1457142870
2282 ,0.1784442759
2283 ,0.1468527757
2284 ,0.3436513751
2285 ,0.1710601488
2286 ,0.5757642723
2287 ,0.1045033218
2288 ,0.9322524322
2289 ,0.9100204208
2290 ,0.9066546619
2291 ,0.9364470297
2292 ,0.2049223497
2293 ,0.9506628256
2294 ,0.8952429789
2295 ,0.8299191961
2296 ,0.0929321773
2297 ,0.4980048376
2298 ,0.7064221793
2299 ,0.3918597913
2300 ,0.9564378275
2301 ,0.0962091476
2302 ,0.9323121595
2303 ,0.8283932847
2304 ,0.8617954461
2305 ,0.6958721007
2306 ,0.7468072560
2307 ,0.6782082011
2308 ,0.1003566136
2309 ,0.9373384347
2310 ,0.9015125327
2311 ,0.1466436188
2312 ,0.7999912232
2313 ,0.9386757813
2314 ,0.9551693565
2315 ,0.2912452623
2316 ,0.6230115312
2317 ,0.0423998364
2318 ,0.3995694212
2319 ,0.9242883096
2320 ,0.3739721752
2321 ,0.9088431458
2322 ,0.8540125035
2323 ,0.1164265143
2324 ,0.9544422947
2325 ,0.0759241513
2326 ,0.6619025700
2327 ,0.8729429052
2328 ,0.8972467943
2329 ,0.1574915928
2330 ,0.3346853994
2331 ,0.3608792532
2332 ,0.1102551681
2333 ,0.8777714176
2334 ,0.2074922006
2335 ,0.5542446595
2336 ,0.9548661589
2337 ,0.1479023093
2338 ,0.8447145126
2339 ,0.1508997730
2340 ,0.9249556601
2341 ,0.9243954634
2342 ,0.9300824659
2343 ,0.9527918401
2344 ,0.6651492366
2345 ,0.8942666806
2346 ,0.8112293871
2347 ,0.5705473960
2348 ,0.4674422641
2349 ,0.1825454224
2350 ,0.0677858035
2351 ,0.8196673804
2352 ,0.2378068598
2353 ,0.1724210589
2354 ,0.2063656817
2355 ,0.1328884823
2356 ,0.1299875520
2357 ,0.8997240807
2358 ,0.2121532865
2359 ,0.9519520459
2360 ,0.7868764352
2361 ,0.8711492521
2362 ,0.1832476218
2363 ,0.8915760229
2364 ,0.1089894139
2365 ,0.2764263699
2366 ,0.9130129105
2367 ,0.8125533525
2368 ,0.4363657198
2369 ,0.9432362389
2370 ,0.9030309305
2371 ,0.7171082540
2372 ,0.8779619419
2373 ,0.1228233909
2374 ,0.1769231739
2375 ,0.2325817663
2376 ,0.9254017241
2377 ,0.0729457010
2378 ,0.1177528415
2379 ,0.0520824528
2380 ,0.9265577155
2381 ,0.0582500859
2382 ,0.1991421651
2383 ,0.8698516457
2384 ,0.2646511264
2385 ,0.1394610081
2386 ,0.7186498144
2387 ,0.7801995144
2388 ,0.2850899908
2389 ,0.9044286530
2390 ,0.8114951367
2391 ,0.9244239484
2392 ,0.1610721363
2393 ,0.9494180415
2394 ,0.9508177970
2395 ,0.1113179042
2396 ,0.8597250280
2397 ,0.0474241133
2398 ,0.0531080552
2399 ,0.8617359245
2400 ,0.8837523761
2401 ,0.5816743775
2402 ,0.6043012676
2403 ,0.3587022224
2404 ,0.8207119306
2405 ,0.8718429617
2406 ,0.9422136436
2407 ,0.5728991095
2408 ,0.9494387851
2409 ,0.9439400231
2410 ,0.7103002980
2411 ,0.9555665321
2412 ,0.2989437238
2413 ,0.8827046756
2414 ,0.1247004080
2415 ,0.1315897781
2416 ,0.7168740643
2417 ,0.7430772767
2418 ,0.7702944228
2419 ,0.0780852880
2420 ,0.1724317606
2421 ,0.0697811506
2422 ,0.2776180957
2423 ,0.3844309418
2424 ,0.9449671239
2425 ,0.2830098434
2426 ,0.7592281593
2427 ,0.0859342796
2428 ,0.9216952365
2429 ,0.8432550806
2430 ,0.9490932571
2431 ,0.5800297007
2432 ,0.1792913333
2433 ,0.3471662407
2434 ,0.4262892373
2435 ,0.1530417174
2436 ,0.7831286154
2437 ,0.0655889421
2438 ,0.1273119104
2439 ,0.9110045885
2440 ,0.9007656436
2441 ,0.9474877915
2442 ,0.0998240340
2443 ,0.0499764159
2444 ,0.7021609118
2445 ,0.8657161022
2446 ,0.6371710383
2447 ,0.9123958434
2448 ,0.1052693136
2449 ,0.5053785846
2450 ,0.1046968864
2451 ,0.2190065980
2452 ,0.2348147102
2453 ,0.0910324972
2454 ,0.8831751000
2455 ,0.0524355551
2456 ,0.0827895086
2457 ,0.7669861739
2458 ,0.3704300521
2459 ,0.1743095809
2460 ,0.9457352986
2461 ,0.7613573625
2462 ,0.9167581463
2463 ,0.9469364961
2464 ,0.9225499138
2465 ,0.4242237772
2466 ,0.9388869434
2467 ,0.8331218339
2468 ,0.1450116131
2469 ,0.7116388353
2470 ,0.1185830680
2471 ,0.9576740183
2472 ,0.4783050345
2473 ,0.6333984547
2474 ,0.2966945506
2475 ,0.1862246925
2476 ,0.9243838140
2477 ,0.0775173328
2478 ,0.0997345398
2479 ,0.8734336649
2480 ,0.8870973873
2481 ,0.1029199223
2482 ,0.8587930403
2483 ,0.0791060742
2484 ,0.3044040360
2485 ,0.5032190649
2486 ,0.9407474282
2487 ,0.0939305494
2488 ,0.4619507770
2489 ,0.8928587349
2490 ,0.2003867531
2491 ,0.8532521851
2492 ,0.9499194197
2493 ,0.9485173402
2494 ,0.3395288466
2495 ,0.8192316231
2496 ,0.1798441276
2497 ,0.3087914987
2498 ,0.0773712291
2499 ,0.9410285967
2500 ,0.7832817049
2501 ,0.1347449688
